"uuid","index_key","reference_key","insert_date","update_date","update_by","change_log","casino_name","legal_title","casino_short","casino_abbreviation","tribe_id","logo_path","casino_priority","main_house_average","smoking_adw","high_limit_adw","calculated_house_average","total_number_of_machines","os_id","bv_id","printer_id","state_id","address","city","zip","longitude","latitude","phone","sales","available_vendors","goal","route_week","last_report","general_manager_name","general_manager_email","slot_director_name","slot_director_email","accounting_name","accounting_email","casino_referal","dgs_referal","licensed","signed_master_agreement","executed_on","expiration","agreement_type","split","cap","fee","loss_passed","minimum","compliance_id","lats_visit","last_audit","persistant_notes"
"1179566B-9E78-4D51-BE7A-FA192EF7B421","1","CT-00001","2025-07-24 09:22:27.923","2025-07-24 10:37:31.777","Paul Collins","Updated on 2025-07-24 10:37:31 Log key: (LT-000060809)","Prairie Band Casino & Resort","Prairie Band Casino & Resort","Prairie Band","PBC","TR-00169","","1","350","460","460","","1200","PT-00020","","","ST-05","12305 150th Rd","Mayetta","66509","-95.75053405761719","39.31525421142578","","Chad F","VT-005, VT-023","27","4","","","","","","","","","","true","true","","","Lease and Purchase","","","","false","","COT-0029","","",""
"BA0431E2-116D-4B8F-B623-EA6387FF9B21","2","CT-00002","2025-07-24 09:22:27.923","2025-08-01 16:29:45.637","Paul Collins","Updated on 2025-08-01 16:29:45 Log key: (LT-000061843)","Casino White Cloud","Casino White Cloud","White Cloud","WCC","TR-00140","","2","120","0","0","","375","PT-00020","","","ST-05","777 Jackpot Dr","White Cloud","66094","-95.36870574951172","39.988929748535156","","Chad F","VT-005, VT-023, VT-015","14","4","","","","","","","","","","false","false","","","","","","","false","","COT-0027","","","Previous account"
"11BE5E96-2C7D-4CCA-9D18-09496BCB42FE","4","CT-00004","2025-07-24 09:22:27.923","2025-07-24 10:37:31.777","Paul Collins","Updated on 2025-07-24 10:37:31 Log key: (LT-000060476)","Seven Clans Casino, Red Lake","Seven Clans Casino, Red Lake","Red Lake","RL","TR-00175","","2","75","0","0","","307","","","","ST-07","10200 MN-89","Red Lake","56671","-95.02471160888672","47.80319595336914","","Rebecca K.T.","VT-005, VT-004","","","","","","","","","","","","true","true","","","Lease","0.20","","","false","","COT-0039","","",""
"F32B6DC8-9BCB-49B2-84E3-BF132CF924A4","5","CT-00005","2025-07-24 09:22:27.923","2025-07-24 10:37:31.777","Paul Collins","Updated on 2025-07-24 10:37:31 Log key: (LT-000060718)","Seven Clans Casino, Warroad","Seven Clans Casino, Warroad","Warroad","WR","TR-00175","","2","77","0","0","","656","","","","ST-07","34966 605th Ave","Warroad","56763","-95.29629516601562","48.90254592895508","","Rebecca K.T.","VT-005, VT-004","4","","","","","","","","","","","true","true","","","Lease","0.20","","","false","","COT-0039","","",""
"A16880AC-EC69-413D-8AFE-953017D6849C","6","CT-00006","2025-07-24 09:22:27.923","2025-08-01 16:18:25.200","Paul Collins","Updated on 2025-08-01 16:18:25 Log key: (LT-000061835)","Deadwood Gulch Resort","Deadwood Gulch Resort","Deadwood Gulch","DWG","TR-00121","","3","80","0","0","","160","","","","ST-14","304 Cliff St","Deadwood","57732","-103.73532104492188","44.36463165283203","","Sean W","VT-005, VT-024, VT-008, VT-011","2","4","","","","","","","","","","true","true","","","Lease","","","","false","","COT-0104","","","Purchased by Gaming and Leisure Properties, Inc in 2024. Turnover happened in June 2025."
"9B5C79A8-C07F-469B-8258-E12FA5AA808A","7","CT-00007","2025-07-24 09:22:27.923","2025-07-24 10:37:31.777","Paul Collins","Updated on 2025-07-24 10:37:31 Log key: (LT-000060769)","Celebrity Boutique Hotel","Celebrity Boutique Hotel","Celebrity","CCH","TR-00121","","3","80","0","225","","65","PT-00008","","","ST-14","629 Main St","Deadwood","57732","-103.72884368896484","44.37790298461914","","Sean W","VT-005, VT-008, VT-011","2","4","","","","","","","","","","true","true","","","Lease","","","","false","","COT-0106","","",""
"F8F286A7-9061-42E7-874E-55A7E2ABAD73","8","CT-00008","2025-07-24 09:22:27.923","2025-08-04 10:46:27.297","Paul Collins","Updated on 2025-08-04 10:46:27 Log key: (LT-000061908)","WarHorse Casino Omaha","WarHorse Casino Omaha","WarHorse: Omaha","WHO","TR-00138","","1","0","0","0","","800","PT-00020","","","ST-09","6303 Q St","Omaha","68117","-96.01087188720703","41.2044792175293","","Sean W","VT-023","","6","","","","","","","","","","true","true","","","Lease","","","","false","","COT-0050","","",""
"5C8C462C-E9EE-47ED-A452-0D5BEF7EE85F","9","CT-00009","2025-07-24 09:22:27.923","2025-07-24 10:37:31.777","Paul Collins","Updated on 2025-07-24 10:37:31 Log key: (LT-000060482)","St. Croix Casino Hertel","St. Croix Casino Hertel","St. Croix","SCH","TR-00188","","2","170","0","0","","129","PT-00020","","","ST-15","4348 WI-70","Webster","54893","-92.20409393310547","45.809486389160156","","Rebecca K.T.","VT-005, VT-023, VT-003","4","","","","","","","","","","","true","true","","","Lease and Purchase","","","","false","","COT-0120","","",""
"32DEFCEC-6595-455F-A26F-AF025B43B553","10","CT-00010","2025-07-24 09:22:27.923","2025-08-01 16:36:08.400","Paul Collins","Updated on 2025-08-01 16:36:08 Log key: (LT-000061853)","Sugar Creek Casino South","Sugar Creek Casino South","Sugar Creek Too","SCS","TR-00197","","","","","","","","","","","ST-12","32107 Highway 281","Anadarko","73005","-98.24357604980469","35.0960693359375","","","","","","","","","","","","","","","false","false","","","","","","","false","","COT-0100","","","Closed January 2025"
"8D677ED0-730C-45FF-8D08-F6A4FF572FE8","11","CT-00011","2025-07-24 09:22:27.923","2025-07-24 10:37:31.777","Paul Collins","Updated on 2025-07-24 10:37:31 Log key: (LT-000060803)","Rosebud Casino","Rosebud Casino","Rosebud","RC","TR-00178","","1","145","0","0","","250","PT-00007","BV-05","PR-05","ST-14","30421 US-83","Valentine","69201","-100.57579040527344","42.99924850463867","","Sean W","VT-005, VT-004, VT-011","18","3","","","","","","","","Lessee","Lessor","true","true","","","Lease","","","","false","","COT-0108","","",""
"4BF3B8AC-A88E-4C69-A892-4C2227758DAD","12","CT-00012","2025-07-24 09:22:27.923","2025-09-25 13:21:33.910","Paul Collins","Updated on 2025-09-25 13:21:33 Log key: (LT-000092071)","Indigo Sky Casino","Indigo Sky Casino","Indigo Sky","IS","TR-00128","","1","180","0","0","","1270","PT-00015","","","ST-12","70220 US-60","Wyandotte","74370","-94.6265869140625","36.825321197509766","","Chad F","VT-005, VT-015, VT-023","22","3","","","","","","","","","","true","true","","","Lease","","","","false","","COT-0081","","",""
"6BF0985D-B9E3-4393-A4C2-D94E390AA2A0","13","CT-00013","2025-07-24 09:22:27.923","2025-07-24 10:37:31.777","Paul Collins","Updated on 2025-07-24 10:37:31 Log key: (LT-000060760)","Golden Eagle Casino (Kansas)","Golden Eagle Casino (Kansas)","Golden Eagle Kansas","GEK","TR-00145","","3","56","0","0","","500","PT-00020","","","ST-05","1121 Goldfinch Road","Horton","66439","-95.63973236083984","39.670013427734375","","Chad F","VT-005, VT-023","10","4","","","","","","","","","","false","true","","","Lease","","","","false","","COT-0028","","",""
"5D1CFC69-6065-4CD3-BF38-FA9BE92DD572","14","CT-00014","2025-07-24 09:22:27.923","2025-08-01 16:28:29.780","Paul Collins","Updated on 2025-08-01 16:28:29 Log key: (LT-000061840)","Choctaw Casino Too-Stigler","Choctaw Casino Too-Stigler","Choctaw - Stigler","CCS","TR-00116","","","","","","","","","","","ST-12","1801 E Main St","Stigler","74462","-95.10023498535156","35.26137924194336","","","","","","","","","","","","","","","false","false","","","","","","","false","","COT-0076","","","Previous account"
"5F4A790D-2C96-4A27-947B-50D0A4E8584C","15","CT-00015","2025-07-24 09:22:27.923","2025-07-24 10:37:31.777","Paul Collins","Updated on 2025-07-24 10:37:31 Log key: (LT-000060563)","Hard Rock Hotel And Casino Tulsa","Cherokee Nation Entertainment, LLC","Cherokee - Hard Rock","HRT","TR-00112","","1","225","0","0","","2600","","","","ST-12","777 W Cherokee St","Catoosa","74015","-95.76598358154297","36.165313720703125","(800) )))-)760","Travis J","VT-005, VT-023","24","","","","","","","","","","","true","true","","","Lease","","","","false","","COT-0071","","",""
"C0395FFC-157D-4486-AE21-2FFB507F0B2B","16","CT-00016","2025-07-24 09:22:27.923","2025-08-04 10:46:10.170","Paul Collins","Updated on 2025-08-04 10:46:10 Log key: (LT-000061907)","WarHorse Casino Lincoln","WarHorse Casino Lincoln","WarHorse: Lincoln","WHL","TR-00138","","1","0","0","0","","876","PT-00020","","","ST-09","7055 S 1st St","Lincoln","68512","-96.72576141357422","40.741886138916016","","Sean W","VT-023","","6","","","","","","","","","","true","true","","","Lease","","","","false","","COT-0049","","",""
"A23ED605-2F25-4E14-B90E-F4C6F18FA0ED","17","CT-00017","2025-07-24 09:22:27.923","2025-07-24 10:37:31.777","Paul Collins","Updated on 2025-07-24 10:37:31 Log key: (LT-000060798)","Grand Casino Hinckley","Grand Casino Hinckley","Grand Casino Hinckley","GCH","TR-00157","","1","280","0","0","","1600","","","","ST-07","777 Lady Luck Dr","Hinckley","55037","-92.89874267578125","46.008384704589844","","Rebecca K.T.","VT-005","8","","","","","","","","","","","true","true","","","Lease","","","55","false","","COT-0046","","",""
"FC0FFE50-CA0C-406A-81EF-058E94C50D9F","18","CT-00018","2025-07-24 09:22:27.923","2025-08-21 08:50:59.290","Paul Collins","Updated on 2025-08-21 08:50:59 Log key: (LT-000064216)","Shoshone-Bannock Casino Hotel","Shoshone-Bannock Casino Hotel","Fort Hall","SBH","TR-00187","","1","244","0","0","","734","","","","ST-04","777 Bannock Ave Building B","Fort Hall","83203","-112.41090393066406","43.02495574951172","","Juli Y","VT-005, VT-011, VT-008, VT-004, VT-024, VT-023","12","4","","","","","","","","","","true","true","","","Lease and Purchase","","","","false","","COT-0025","2025-08-18","",""
"AC3D3CD1-DD11-40A0-904B-56BD8147C5C4","19","CT-00019","2025-07-24 09:22:27.923","2025-07-24 10:37:31.777","Paul Collins","Updated on 2025-07-24 10:37:31 Log key: (LT-000060573)","Northern Lights Casino","Northern Lights Casino","Northern Lights","NLC","TR-00150","","2","150","0","0","","740","","","","ST-07","6800 Y Frontage Rd NW","Walker","56484","-94.536376953125","47.0549430847168","","Rebecca K.T.","VT-003, VT-005, VT-015, VT-004, VT-011","4","","","","","","","","","","","true","true","","","Lease","0.20","65","","false","","COT-0044","","",""
"F186D53A-31D2-46E1-97A4-54E58114FEFF","56","CT-00056","2025-07-24 09:22:27.923","2025-08-01 16:28:13.700","Paul Collins","Updated on 2025-08-01 16:28:13 Log key: (LT-000061838)","Choctaw Casino & Resort: Durant","Choctaw Casino & Resort: Durant","Choctaw - Durant","CCD","TR-00116","","","","","","","","PT-00020","","","ST-12","3735 Choctaw Rd","Durant","74701","-96.41415405273438","33.951168060302734","","","","","","","","","","","","","","","false","false","","","","","","","false","","COT-0076","","","Previous account"
"9DC40A98-5B68-48F7-9BF7-3E714767D097","20","CT-00020","2025-07-24 09:22:27.923","2025-07-24 10:37:31.777","Paul Collins","Updated on 2025-07-24 10:37:31 Log key: (LT-000060539)","Route 66 Casino Hotel","Route 66 Casino Hotel","Route 66","R66","TR-00170","","1","300","0","0","","1700","PT-00020","","","ST-11","14500 Central Ave SW","Rio Puerco","87121","-106.95135498046875","35.028953552246094","","Scott W","VT-005, VT-008, VT-023","18","1","","","","","","","","","","true","true","","","Lease and Purchase","","","","false","","COT-0053","","",""
"3D6E66E1-EE32-4BA7-A532-7D3F196A4FE3","21","CT-00021","2025-07-24 09:22:27.923","2025-07-24 10:37:31.777","Paul Collins","Updated on 2025-07-24 10:37:31 Log key: (LT-000060626)","Ohkay Casino Resort Hotel","Ohkay Casino Resort Hotel","Ohkay Casino Resort Hotel","OHC","TR-00163","","1","130","0","0","","700","","","","ST-11","68 NM-291","Ohkay Owingeh","87566","-106.06062316894531","36.03587341308594","","Scott W","VT-005, VT-008, VT-023","14","3","","","","","","","","","","true","true","","","Lease and Purchase","","","","false","","COT-0058","","",""
"A60F1896-A41C-459E-9D9B-779733BDD37C","22","CT-00022","2025-07-24 09:22:27.923","2025-09-17 08:26:15.097","Paul Collins","Updated on 2025-09-17 08:26:15 Log key: (LT-000080215)","Cheyenne and Arapaho Travel Center","Cheyenne and Arapaho Travel Center","LS - 108","LGS","TR-00114","","","50","0","0","","0","PT-00020","","","ST-12","945 S. Walbaum","Calumet","73014","-98.23701477050781","35.52831268310547","","Chad F","","","","","","","","","","","","","false","false","","","","","","","false","","COT-0072","","",""
"ABC2F2CC-7375-4FF0-8DBE-B3524311D484","23","CT-00023","2025-07-24 09:22:27.923","2025-07-24 10:37:31.777","Paul Collins","Updated on 2025-07-24 10:37:31 Log key: (LT-000060691)","Pit River Casino","Pit River Casino","Pit River","PRC","TR-00168","","3","85","0","0","","150","","","","ST-03","20265 Tamarack Ave","Burney","96013","-121.67447662353516","40.875389099121094","(530) )))-))))","Tyler M","VT-003, VT-004, VT-024, VT-015","12","2","","","","","","","","Casino","Vendor","true","true","","","Lease","","","","false","","COT-0014","","",""
"13A44032-5CB3-48BE-BDA3-B9C23890857A","24","CT-00024","2025-07-24 09:22:27.923","2025-07-24 10:37:31.777","Paul Collins","Updated on 2025-07-24 10:37:31 Log key: (LT-000060706)","Northern Edge Navajo Casino","Northern Edge Navajo Casino","Northern Edge","NEC","TR-00160","","2","200","0","0","","755","","","","ST-11","2752 Indian Service Rd 36","Farmington","87401","-108.255859375","36.71629333496094","","Scott W","VT-005, VT-008, VT-023, VT-004","16","3","","","","","","","","","","true","true","","","Lease and Purchase","","","","false","","COT-0056","","",""
"DC20D519-3083-4CCE-831C-A570ADA231B7","25","CT-00025","2025-07-24 09:22:27.923","2025-07-24 10:37:31.777","Paul Collins","Updated on 2025-07-24 10:37:31 Log key: (LT-000060675)","Havasu Landing Resort & Casino","Havasu Landing Resort & Casino","Havasu Landing","HL","TR-00110","","2","130","0","0","","250","","","","ST-03","13145 Havasu Lake Rd","Needles","92363","-114.40548706054688","34.4915885925293","","Scott W","VT-003, VT-004, VT-008, VT-023, VT-011","8","2","","","","","","","","Casino","Vendor","true","true","","","Lease","0.20","","","false","","COT-0007","","",""
"F49B5F2D-FDD0-45E2-8CFA-021DA1C85ACF","26","CT-00026","2025-07-24 09:22:27.923","2025-08-26 08:38:48.033","Paul Collins","Updated on 2025-08-26 08:38:48 Log key: (LT-000079994)","Chicken Ranch Casino Resort","Chicken Ranch Casino Resort","Chicken Ranch Resort","CRC","TR-00115","","1","250","0","0","","0","PT-00015","","","ST-03","9100 People of the Mountain Rd","Jamestown","95327","-120.44854736328125","37.92703628540039","","Tyler M","","","3","","","","","","","","","","false","false","","","","","","","false","","COT-0012","","",""
"55D7347C-4C57-44BC-AA0A-AFC2FD1A9AE1","27","CT-00027","2025-07-24 09:22:27.923","2025-08-12 09:33:31.137","Paul Collins","Updated on 2025-08-12 09:33:31 Log key: (LT-000062244)","Black Mesa Casino","Black Mesa Casino","Black Mesa","BMC","TR-00172","","3","75","0","0","","600","","","","ST-11","25 Hagen Rd","Algodones","87001","-106.40341186523438","35.415096282958984","(505) )))-))))","Scott W","VT-005, VT-008, VT-023","","1","","","","","","","","Customer","Distributor","true","true","","","Lease and Purchase","","","","false","","COT-0061","","",""
"EB2194CE-281A-4D40-A020-C14B424C87A8","28","CT-00028","2025-07-24 09:22:27.923","2025-08-20 15:38:54.103","Paul Collins","Updated on 2025-08-20 15:38:54 Log key: (LT-000064191)","Fortune Bay Resort Casino","Fortune Bay Resort Casino","Fortune Bay","FBC","TR-00109","","2","140","0","0","","800","PT-00020","","","ST-07","1430 Bois Forte Rd","Tower","55790","-92.3434066772461","47.82194900512695","","Rebecca K.T.","VT-005, VT-004, VT-011","8","","","","","","","","","","","true","true","","","Lease","0.20","","","false","","COT-0040","","",""
"A4A1E2BA-EF01-4BF6-800F-C4639FDDF5EF","29","CT-00029","2025-07-24 09:22:27.923","2025-08-12 09:29:05.090","Paul Collins","Updated on 2025-08-12 09:29:05 Log key: (LT-000062243)","Sky City Casino Hotel Acoma","Sky City Casino Hotel Acoma","Sky City","SCC","TR-00102","","2","100","0","90","","640","PT-00020","","","ST-11","7 Sky City Rd drive","Seama","87007","-107.611083984375","35.036739349365234","","Scott W","VT-005, VT-008, VT-023, VT-003","18","1","","","","","","","","","","true","true","","","Lease","","","","false","","COT-0052","","",""
"822117F3-452D-4CF6-BB5E-EFA6DBB10DE5","30","CT-00030","2025-07-24 09:22:27.923","2025-07-24 10:37:31.777","Paul Collins","Updated on 2025-07-24 10:37:31 Log key: (LT-000060789)","Cedar Lakes Casino & Hotel","Cedar Lakes Casino & Hotel","Cedar Lakes","CLC","TR-00150","","2","130","0","0","","644","","","","ST-07","6268 Upper Cass Frontage Rd NW","Cass Lake","56633","-94.61624145507812","47.383609771728516","","Rebecca K.T.","VT-005, VT-011","4","","","","","","","","","","","true","true","","","Lease","0.20","65","","false","","COT-0043","","",""
"6C8DE315-FAD3-4735-9417-762B59EFF3E9","31","CT-00031","2025-07-24 09:22:27.923","2025-08-21 08:39:36.523","Paul Collins","Updated on 2025-08-21 08:39:36 Log key: (LT-000064206)","Kootenai River Inn Casino & Spa","Kootenai River Inn Casino & Spa","Kootenai River","KRC","TR-00147","","2","160","0","0","","380","","","","ST-04","7169 Plaza St","Bonners Ferry","83805","-116.30892944335938","48.697147369384766","","Juli Y","VT-003, VT-005, VT-011, VT-008, VT-004, VT-024, VT-023","12","9","","","","","","","","","","true","true","","","Lease and Purchase","","","","false","","COT-0024","2025-07-24","",""
"5331E68A-3E50-4801-AA36-28BD443BDC1F","32","CT-00032","2025-07-24 09:22:27.923","2025-08-18 08:33:47.117","Paul Collins","Updated on 2025-08-18 08:33:47 Log key: (LT-000062493)","Menominee Casino & Resort","Menominee Casino & Resort","Menominee","MCR","TR-00154","","2","175","0","0","","500","","","","ST-15","N277 WI-47","Keshena","54135","-88.62944030761719","44.86319351196289","","Rebecca K.T.","VT-005, VT-023, VT-004","","","","","","","","","","","","false","false","","","Lease","0.20","","","false","","","","",""
"E6094BC5-35D5-4B6D-B9BC-75E9DBC411F8","33","CT-00033","2025-07-24 09:22:27.923","2025-07-24 10:37:31.777","Paul Collins","Updated on 2025-07-24 10:37:31 Log key: (LT-000060607)","Ojibwa Casino Hotel Baraga","Ojibwa Casino Hotel Baraga","Ojibwa","BCB","TR-00143","","2","135","0","0","","320","","","","ST-06","16449 Michigan Ave","Baraga","49908","-88.50770568847656","46.7804069519043","","Sean W","VT-003, VT-005, VT-004, VT-008, VT-011, VT-023","21","5","","","","","","","","","","true","false","","","Lease and Purchase","","","","false","","COT-0032","","",""
"A44EA597-66BE-4CB7-B1E6-A140613DE15C","34","CT-00034","2025-07-24 09:22:27.923","2025-07-24 10:37:31.777","Paul Collins","Updated on 2025-07-24 10:37:31 Log key: (LT-000060668)","Sevenwinds Casino, Lodge & Conference Center","Sevenwinds Casino, Lodge & Conference Center","Sevenwinds Casino","SWC","TR-00148","","2","130","0","0","","510","","","","ST-15","13767 W County Road B","Hayward","54843","-91.38218688964844","45.995506286621094","","Rebecca K.T.","VT-005, VT-023, VT-003, VT-011","8","","","","","","","","","","","false","false","","","Lease ","","","","false","","","","",""
"1A9A6A1E-DC4D-4D87-ABC3-61EB0D77B0AD","35","CT-00035","2025-07-24 09:22:27.923","2025-07-24 10:37:31.777","Paul Collins","Updated on 2025-07-24 10:37:31 Log key: (LT-000060588)","Grindstone Creek Casino","Grindstone Creek Casino","Grindstone Creek","GCC","TR-00148","","3","80","0","0","","120","","","","ST-15","13394 W Trepania Rd","Hayward","54843","-91.35950469970703","45.94441223144531","","Rebecca K.T.","VT-005, VT-023, VT-003, VT-011","","","","","","","","","","","","false","false","","","Lease ","","","","false","","","","",""
"6A440EB3-5521-49D8-931B-046A9806562C","36","CT-00036","2025-07-24 09:22:27.923","2025-07-24 10:37:31.777","Paul Collins","Updated on 2025-07-24 10:37:31 Log key: (LT-000060464)","Mono Wind Casino","Mono Wind Casino","Mono Wind Casino","MWC","TR-00105","","3","70","0","0","","250","PT-00019","BV-09","PR-04","ST-03","37302 Rancheria Ln","Auberry","93602","-119.46522521972656","37.08460235595703","","Tyler M","VT-015, VT-004, VT-023","8","4","","","","","","","","Lessee","Lessor","true","true","","","Lease","","","","false","","COT-0003","","",""
"8076B2F9-F327-4F08-9052-E2DDCFBFFD1C","37","CT-00037","2025-07-24 09:22:27.923","2025-08-01 13:21:57.170","Paul Collins","Updated on 2025-08-01 13:21:57 Log key: (LT-000061813)","Thunderbird Casino: Norman","Thunderbird Casino: Norman","Thunderbird Norman","TCN","TR-00101","","2","100","0","0","","580","PT-00007","","","ST-12","15700 OK-9","Norman","73026","-97.20755767822266","35.2309455871582","","Chad F","VT-005, VT-015, VT-023","16","2","","","","","","","","","","true","true","","","Lease","","","","false","","COT-0069","","","This is a place named after a Native American mythical creature"
"36BDF49A-9C12-4B8E-AED2-F53B2B028854","38","CT-00038","2025-07-24 09:22:27.923","2025-07-24 10:37:31.777","Paul Collins","Updated on 2025-07-24 10:37:31 Log key: (LT-000060801)","Thunderbird Casino: Shawnee","Thunderbird Casino: Shawnee","Thunderbird Shawnee","TCS","TR-00101","","2","50","0","0","","277","PT-00005","","","ST-12","2051 S Gordon Cooper Dr","Shawnee","74801","-96.92549896240234","35.29451370239258","","Chad F","VT-005, VT-015","10","2","","","","","","","","","","true","true","","","Lease","","","","false","","COT-0069","","",""
"30AE560D-0E89-481E-BFDA-CBBB6B17DD97","39","CT-00039","2025-07-24 09:22:27.923","2025-09-22 14:45:07.410","Paul Collins","Updated on 2025-09-22 14:45:07 Log key: (LT-000081263)","Golden Eagle Casino","Golden Eagle Casino","Golden Eagle","GEC","TR-00103","","3","35","","","","","PT-00024","","","ST-12","115 Evans Ave","Apache","73006","-98.3668441772461","34.89363479614258","","","","","","","","","","","","","","","false","false","","","","","","","false","","COT-0070","","",""
"507AE64C-FDBA-415F-999C-4D3DDE8E7205","40","CT-00040","2025-07-24 09:22:27.923","2025-08-01 16:26:36.960","Paul Collins","Updated on 2025-08-01 16:26:36 Log key: (LT-000061836)","Bear River Casino Resort","Bear River Casino Resort","Bear River","BRC","TR-00104","","1","125","0","0","","250","","","","ST-03","11 Bear Paws Way","Loleta","95551","-124.20850372314453","40.62701416015625","","Tyler M","VT-011, VT-023, VT-004","","1","","","","","","","","","","true","true","","","Lease","","","","false","","COT-0017","2025-04-23","2024-10-01","Previously had a gasino we were in, but has since closed. (Bear River Pump & Play)"
"242790C3-B51A-4DFE-BAD9-42FB505B48EE","41","CT-00041","2025-07-24 09:22:27.923","2025-08-01 16:27:50.260","Paul Collins","Updated on 2025-08-01 16:27:50 Log key: (LT-000061837)","Bear River Pump & Play","Bear River Pump & Play","Bear River Store","BRC","TR-00104","","","","","","","","","","","ST-03","10 Bear Paws Way","Loleta","95551","-124.20983123779297","40.62627410888672","","","","","","","","","","","","","","","false","false","","","Closed December 2024","","","","false","","COT-0017","","",""
"4D5390B6-B719-4F20-8198-17627C15F0F6","42","CT-00042","2025-07-24 09:22:27.923","2025-08-07 10:31:44.780","Paul Collins","Updated on 2025-08-07 10:31:44 Log key: (LT-000061918)","Konocti Vista Casino Resort, Marina, & RV Park","Konocti Vista Casino Resort, Marina, & RV Park","Konocti Vista","KVC","TR-00106","","1","125","0","0","","275","PT-00009","BV-08","PR-03","ST-03","2755 Mission Rancheria Rd","Lakeport","95453","-122.88954162597656","39.020729064941406","(707) )))-))))","Tyler M","VT-003, VT-015, VT-004, VT-011","20","3","","","","","","","","Casino","Vendor","true","true","","","Lease","","","","false","","COT-0004","","",""
"22E9FF34-CC2E-427F-AEEB-18B7A657C0BB","43","CT-00043","2025-07-24 09:22:27.923","2025-07-24 10:37:31.777","Paul Collins","Updated on 2025-07-24 10:37:31 Log key: (LT-000060496)","Wanaaha Casino","Wanaaha Casino","Wanaaha","WCR","TR-00107","","2","95","0","0","","250","PT-00020","","","ST-03","2742 N Sierra Hwy","Bishop","93514","-118.42617797851562","37.375484466552734","","Tyler M","VT-003, VT-015, VT-004","24","4","","","","","","","","Casino","Vendor","true","true","","","Lease and Purchase","","","","false","","COT-0005","","",""
"37C6658C-5C7B-4384-B242-05E9A4B3E369","44","CT-00044","2025-07-24 09:22:27.923","2025-07-24 10:37:31.777","Paul Collins","Updated on 2025-07-24 10:37:31 Log key: (LT-000060469)","Blue Lake Casino Hotel","Blue Lake Casino Hotel","Blue Lake","BLC","TR-00108","","3","85","0","0","","537","PT-00020","","","ST-03","777 Casino Way","Blue Lake","95525","-123.99964904785156","40.88551712036133","","Tyler M","VT-003","","1","","","","","","","","Casino","Vendor","true","true","","","Lease","","","","false","","COT-0006","","",""
"86A6DD17-D84B-4E8B-BBB8-DC167654C432","45","CT-00045","2025-07-24 09:22:27.923","2025-09-11 16:05:38.210","Paul Collins","Updated on 2025-09-11 16:05:38 Log key: (LT-000080201)","Blue Lake Fuel & Fun","Blue Lake Fuel & Fun","Blue Lake Store","BLC","TR-00108","","3","95","","","","","PT-00020","","","ST-03","Play Station 777 Casino Way #777","Blue Lake","95525","-123.99964904785156","40.88551712036133","","","","","","","","","","","","","","","false","false","","","","","","","false","","COT-0006","","",""
"F44780D9-3EB1-4C87-A8F6-9A2047E6A45F","46","CT-00046","2025-07-24 09:22:27.923","2025-09-17 08:26:49.280","Paul Collins","Updated on 2025-09-17 08:26:49 Log key: (LT-000080217)","Lucky Star Casino: Concho","Lucky Star Casino: Concho","LS - Concho","LSCO","TR-00114","","1","144","0","0","","600","PT-00020","","","ST-12","7777 US-81","El Reno","73036","-97.96331787109375","35.600074768066406","","Chad F","","","2","","","","","","","","","","false","false","","","","","","","false","","COT-0072","","",""
"BE9069FA-BCE2-4E0B-8347-C7C887C3FFFA","47","CT-00047","2025-07-24 09:22:27.923","2025-09-17 08:27:03.413","Paul Collins","Updated on 2025-09-17 08:27:03 Log key: (LT-000080218)","Lucky Star Casino: Concho's Travel Center","Lucky Star Casino: Concho's Travel Center","LS - Concho TP","CTP","TR-00114","","1","136","0","0","","300","PT-00020","","","ST-12","7805 US-81","El Reno","73036","-97.96072387695312","35.601226806640625","","Chad F","","","2","","","","","","","","","","false","false","","","","","","","false","","COT-0072","","",""
"2BB9036B-0765-469F-A0A2-82B16389AFC6","48","CT-00048","2025-07-24 09:22:27.923","2025-09-05 14:07:26.180","Paul Collins","Updated on 2025-09-05 14:07:26 Log key: (LT-000080162)","Lucky Star Casino: Clinton","Lucky Star Casino: Clinton","LS - Clinton","LSCL","TR-00114","","2","107","0","0","","710","PT-00020","","","ST-12","10347 N 2274 Rd","Clinton","73601","-98.93450927734375","35.516319274902344","","Chad F","","","2","","","","","","","","","","false","false","","","","","","","false","","COT-0073","","",""
"7BAA962A-BDEC-479A-9B81-DE2658EAC8FD","49","CT-00049","2025-07-24 09:22:27.923","2025-09-17 08:27:23.250","Paul Collins","Updated on 2025-09-17 08:27:23 Log key: (LT-000080220)","Lucky Star Casino: Watonga","Lucky Star Casino: Watonga","LS - Watonga","LSW","TR-00114","","3","88","0","0","","407","PT-00020","","","ST-12","1407 S Clarence Nash Blvd Suite B","Watonga","73772","-98.41847229003906","35.82893753051758","","Chad F","","","2","","","","","","","","","","false","false","","","","","","","false","","COT-0075","","",""
"0E8418C5-8843-4E12-A0C9-AEB099C9D2F0","50","CT-00050","2025-07-24 09:22:27.923","2025-09-17 08:26:32.857","Paul Collins","Updated on 2025-09-17 08:26:32 Log key: (LT-000080216)","Lucky Star Casino: Canton","Lucky Star Casino: Canton","LS - Canton","LSCA","TR-00114","","3","92","0","0","","145","PT-00020","","","ST-12","301 NW Lake Road","Canton","73724","-98.58841705322266","36.05364990234375","","Chad F","","","2","","","","","","","","","","false","false","","","","","","","false","","COT-0074","","",""
"F8EEF5FA-B44A-451A-9AE0-FE937D41B479","51","CT-00051","2025-07-24 09:22:27.923","2025-09-17 08:27:13.243","Paul Collins","Updated on 2025-09-17 08:27:13 Log key: (LT-000080219)","Lucky Star Casino: Hammon","Lucky Star Casino: Hammon","LS - Hammon","LSH","TR-00114","","1","138","0","0","","341","PT-00020","","","ST-12","20413 OK-33","Hammon","73650","-99.35778045654297","35.63958740234375","","Chad F","","","2","","","","","","","","","","false","false","","","","","","","false","","COT-0073","","",""
"BC8E169D-C4A8-4FAC-B426-A6D27E448D92","53","CT-00053","2025-07-24 09:22:27.923","2025-08-01 16:28:21.820","Paul Collins","Updated on 2025-08-01 16:28:21 Log key: (LT-000061839)","Choctaw Casino & Resort: Grant","Choctaw Casino & Resort: Grant","Choctaw - Grant","CCG","TR-00116","","","","","","","","PT-00020","","","ST-12","1516 US-271","Grant","74738","-95.52435302734375","33.93589782714844","","","","","","","","","","","","","","","false","false","","","","","","","false","","COT-0076","","","Previous account"
"B91C8C74-C23B-45DB-8406-C8681E4249A5","54","CT-00054","2025-07-24 09:22:27.923","2025-08-01 16:28:37.233","Paul Collins","Updated on 2025-08-01 16:28:37 Log key: (LT-000061841)","Choctaw Travel Plaza: Pocola","Choctaw Travel Plaza: Pocola","Choctaw - Pocola Too","CPOC","TR-00116","","","","","","","","PT-00020","","","ST-12","3400 Choctaw Rd","Pocola","74902","-94.43646240234375","35.290409088134766","","","","","","","","","","","","","","","false","false","","","","","","","false","","COT-0076","","","Previous account"
"1B21F763-633D-4B4F-9642-91B7C39A1EE8","259","CT-00259","2025-07-24 09:22:28.057","2025-07-25 14:51:19.970","Paul Collins","Updated on 2025-07-25 14:51:19 Log key: (LT-000061153)","Hon-Dah Resort Casino","","","","TR-00233","","","150","0","0","","876","","","","ST-02","777 AZ-260","Pinetop","85935","-109.94590759277344","34.128841400146484","","Scott W","VT-003, VT-011, VT-023, VT-015","12","4","","","","","","","","","","false","false","","","Purchase","","","","false","","","","",""
"E3688B8F-6785-47C8-98AA-A6F82F2448FC","55","CT-00055","2025-07-24 09:22:27.923","2025-08-01 16:28:45.113","Paul Collins","Updated on 2025-08-01 16:28:45 Log key: (LT-000061842)","Choctaw Travel Plaza: Poteau","Choctaw Travel Plaza: Poteau","Choctaw - Poteau","CPOT","TR-00116","","","","","","","","PT-00020","","","ST-12","4105 N Broadway St","Poteau","74953","-94.63343048095703","35.09767150878906","","","","","","","","","","","","","","","false","false","","","","","","","false","","COT-0076","","","Previous account"
"0D89AEF3-ADFF-4F91-90E9-9B1CA806ABFB","57","CT-00057","2025-07-24 09:22:27.923","2025-09-09 08:53:47.940","Paul Collins","Updated on 2025-09-09 08:53:47 Log key: (LT-000080171)","Grand Casino Hotel & Resort","Grand Casino Hotel & Resort","Grand Casino","GC","TR-00117","","1","175","0","0","","1800","","","","ST-12","777 Grand Casino Blvd","Shawnee","74804","-97.05905151367188","35.38112258911133","","Chad F","VT-005, VT-023","17","1","","","","","","","","","","true","true","","","Lease and Purchase","","","","false","","","","",""
"CB12E08C-E456-463B-BE21-52BEDC87BF96","58","CT-00058","2025-07-24 09:22:27.923","2025-08-12 14:09:19.907","Paul Collins","Updated on 2025-08-12 14:09:19 Log key: (LT-000062250)","Cocopah Casino","Cocopah Casino Resort","Cocopah","CCR","TR-00118","","1","244","0","0","","500","PT-00017","BV-07","PR-01","ST-02","15318 S Avenue B","Somerton","85350","-114.65221405029297","32.6070671081543","(928) )))-))))","Scott W","VT-003, VT-008, VT-023, VT-011","12","2","","","","","","","","Customer","Distributor","true","true","2025-04-25","","Lease","0.20","","","false","","COT-0001","","",""
"1E243CD9-414B-49EE-BF26-BC25674A9FF2","59","CT-00059","2025-07-24 09:22:27.923","2025-09-03 13:30:53.953","Paul Collins","Updated on 2025-09-03 13:30:53 Log key: (LT-000080124)","First Gold Gaming Resort","First Gold Gaming Resort","First Gold","FG","TR-00121","","2","143","0","0","","240","PT-00020","","","ST-14","270 Main St","Deadwood","57732","-103.71805572509766","44.38657760620117","","Sean W","VT-005, VT-011","","4","","","","","","","","","","true","true","","","Lease","","","","false","","COT-0105","","",""
"67F28E26-F302-496F-B75F-B5DB9AA66F38","60","CT-00060","2025-07-24 09:22:27.923","2025-07-25 16:29:27.960","Paul Collins","Updated on 2025-07-25 16:29:27 Log key: (LT-000061355)","Three Rivers Casino Resort","Three Rivers Casino Resort","Three Rivers - Coos Bay","TRC","TR-00122","","1","260","0","0","","234","","","","ST-13","1297 Ocean Blvd NW","Coos Bay","97420","-124.2654509","43.3900083","","Juli Y","VT-013, VT-021, VT-019, VT-004","8","3","","","","","","","","","","true","true","","","Lease and Purchase","","","","false","","COT-0102","","",""
"99D0590A-B95C-4953-933F-5222326018B1","61","CT-00061","2025-07-24 09:22:27.923","2025-07-24 10:37:31.777","Paul Collins","Updated on 2025-07-24 10:37:31 Log key: (LT-000060566)","Lode Star Casino & Hotel","Lode Star Casino & Hotel","Lode Star","LS","TR-00123","","3","60","0","0","","245","PT-00008","","","ST-14","202 SD-249","Fort Thompson","57339","-99.43560028076172","44.07074737548828","","Sean W","VT-003, VT-005, VT-004, VT-024, VT-008","14","3","","","","","","","","","","true","true","","","Lease","","","","false","","COT-0103","","",""
"892E97B3-2752-4BFA-B596-AB179CB3CC74","62","CT-00062","2025-07-24 09:22:27.923","2025-09-03 13:16:05.273","Paul Collins","Updated on 2025-09-03 13:16:05 Log key: (LT-000080122)","Casino Oklahoma","Casino Oklahoma","Casino Oklahoma","CO","TR-00124","","3","60","0","0","","0","PT-00010","","","ST-12","220 E Cummins St","Hinton","73047","-98.34858703613281","35.52444839477539","","Chad F","","","2","","","","","","","","","","false","false","","","","","","","false","","COT-0080","","",""
"18580729-AEC6-408C-85B4-8776B53C18D4","63","CT-00063","2025-07-24 09:22:27.923","2025-09-03 13:28:26.197","Paul Collins","Updated on 2025-09-03 13:28:26 Log key: (LT-000080123)","Gold River Casino","Gold River Casino","Gold River","GRC","TR-00124","","3","60","0","0","","0","PT-00010","","","ST-12","31064 US-281","Anadarko","73005","-98.25202178955078","35.11256790161133","","Chad F","","","2","","","","","","","","","","false","false","","","","","","","false","","COT-0080","","",""
"537130EC-C304-49C5-A5CC-D01DBECD0A6A","64","CT-00064","2025-07-24 09:22:27.923","2025-07-24 10:37:31.777","Paul Collins","Updated on 2025-07-24 10:37:31 Log key: (LT-000060743)","Oklahoma Warehouse","Oklahoma Warehouse","Oklahoma Warehouse","OKW","TR-00125","","","","","","","","","","","ST-12","5300 S. Portland Ave","Oklahoma City","73119","-97.58224487304688","35.41284942626953","","","","","","","","","","","","","","","false","false","","","","","","","false","","","","",""
"FFC117A8-1A16-4B02-BA16-A554895553E6","65","CT-00065","2025-07-24 09:22:27.923","2025-07-24 10:37:31.777","Paul Collins","Updated on 2025-07-24 10:37:31 Log key: (LT-000060673)","California Warehouse","California Warehouse","California Warehouse","CAW","TR-00125","","","","","","","","","","","ST-03","950 Riverside Pkwy - STE. 40","Sacramento","95605","-121.56749725341797","38.58726119995117","","","","","","","","","","","","","","","false","false","","","","","","","false","","","","",""
"3368D444-409A-45BC-B96C-90703DF31ACB","68","CT-00068","2025-07-24 09:22:27.923","2025-07-24 10:37:31.777","Paul Collins","Updated on 2025-07-24 10:37:31 Log key: (LT-000060646)","Oklahoma Showroom","Oklahoma Showroom","Oklahoma Showroom","OKS","TR-00125","","","","","","","","","","","ST-12","5300 S. Portland Ave","Oklahoma City","73119","-97.58224487304688","35.41284942626953","","","","","","","","","","","","","","","false","false","","","","","","","false","","","","",""
"21B7D4E2-CB05-4D23-BABB-48F341F85EEA","69","CT-00069","2025-07-24 09:22:27.923","2025-07-24 10:37:31.777","Paul Collins","Updated on 2025-07-24 10:37:31 Log key: (LT-000060550)","California Showroom","California Showroom","California Showroom","CAS","TR-00125","","","","","","","","","","","ST-03","950 Riverside Pkwy - STE. 40","Sacramento","95605","-121.56749725341797","38.58726119995117","","","","","","","","","","","","","","","false","false","","","","","","","false","","","","",""
"D91F30C4-4D21-4DE8-993B-BE8E1BD73AD8","71","CT-00071","2025-07-24 09:22:27.923","2025-08-21 08:38:50.597","Paul Collins","Updated on 2025-08-21 08:38:50 Log key: (LT-000064205)","Shoshone Rose Casino & Hotel","Shoshone Rose Casino & Hotel","Shoshone Rose","SRC","TR-00129","","","85","0","0","","398","PT-00017","BV-01","PR-02","ST-16","5690 US-287","Lander","82520","-108.79216766357422","42.890506744384766","","Juli Y","VT-003, VT-004, VT-011, VT-005, VT-008, VT-024, VT-023","8","4","","","","","","","","Casino","Vendor","true","true","","","Lease and Purchase","","","","false","","COT-0122","2025-07-02","",""
"21E87E73-68FD-4FFC-AD30-181327EA8B8E","72","CT-00072","2025-07-24 09:22:27.923","2025-07-24 10:37:31.777","Paul Collins","Updated on 2025-07-24 10:37:31 Log key: (LT-000060495)","Elk Valley Casino","Elk Valley Casino","Elk Valley","EVC","TR-00130","","2","185","0","0","","240","PT-00020","","","ST-03","2021 Elk Ranch Road","Crescent City","95531","-124.15045166015625","41.739681243896484","","Tyler M","VT-003, VT-015, VT-011","14","1","","","","","","","","","","true","true","","","Lease","","","","false","","COT-0008","","",""
"4A56644B-7C30-47BF-A942-429B11FDD89C","73","CT-00073","2025-07-24 09:22:27.923","2025-07-24 10:37:31.777","Paul Collins","Updated on 2025-07-24 10:37:31 Log key: (LT-000060543)","Apache Casino Hotel","Apache Casino Hotel","Apache Casino","ACH","TR-00131","","1","0","0","0","","0","","","","ST-12","2315 E Gore Blvd","Lawton","73501","-98.3612289428711","34.60552978515625","","Chad F","","","2","","","","","","","","","","false","false","","","","","","","false","","COT-0082","","",""
"2E904BB6-0444-4495-B48C-9ED242DC8203","74","CT-00074","2025-07-24 09:22:27.923","2025-09-03 11:57:42.677","Paul Collins","Updated on 2025-09-03 11:57:42 Log key: (LT-000080121)","Warm Springs Casino","Warm Springs Casino","Warm Springs","WSC","TR-00131","","3","40","0","0","","0","","","","ST-12","15175 OK-9","Anadarko","73005","-98.35892486572266","35.04304504394531","","Chad F","","","","","","","","","","","","","false","false","","","","","","","false","","COT-0082","","",""
"62F0AFBA-95E3-4FA9-8D20-40265DA2E4EB","75","CT-00075","2025-07-24 09:22:27.923","2025-07-24 10:37:31.777","Paul Collins","Updated on 2025-07-24 10:37:31 Log key: (LT-000060541)","Running Creek Casino","Running Creek Casino","Running Creek","RCC","TR-00136","","2","90","0","0","","225","PT-00025","","","ST-03","635 State Hwy 20","Upper Lake","95485","-122.90422821044922","39.161041259765625","","Tyler M","VT-003, VT-015, VT-004","14","3","","","","","","","","","","true","true","","","Lease","","","","false","","COT-0009","","",""
"D1FBF040-BD9E-4797-A78B-E48D99C583A2","76","CT-00076","2025-07-24 09:22:27.923","2025-07-24 10:37:31.777","Paul Collins","Updated on 2025-07-24 10:37:31 Log key: (LT-000060774)","Cimarron Casino","Cimarron Casino","Cimarron","CMC","TR-00139","","1","175","0","0","","0","","","","ST-12","821 W Freeman Ave","Perkins","74059","-97.04412841796875","35.977447509765625","","Travis J","","12","","","","","","","","","","","true","true","","","","","","","false","","COT-0083","","",""
"356C31DF-5387-4625-963E-DE60AA50BCC8","77","CT-00077","2025-07-24 09:22:27.923","2025-07-24 10:37:31.777","Paul Collins","Updated on 2025-07-24 10:37:31 Log key: (LT-000060765)","Ioway Casino","Ioway Casino","Ioway","OIC","TR-00139","","2","115","0","0","","0","","","","ST-12","338445 U.S. Rt. 66","Chandler","74834","-96.97431182861328","35.69209671020508","","Travis J","","12","","","","","","","","","","","true","true","","","","","","","false","","COT-0083","","",""
"6E893D70-0267-48CE-95A1-FA1626C289CA","78","CT-00078","2025-07-24 09:22:27.923","2025-07-24 10:37:31.777","Paul Collins","Updated on 2025-07-24 10:37:31 Log key: (LT-000060808)","Rain Rock Casino","Rain Rock Casino","Rain Rock","RRC","TR-00141","","1","200","0","0","","340","PT-00020","","","ST-03","777 Casino Way","Yreka","96097","-123.99964904785156","40.88551712036133","","Tyler M","VT-003, VT-015, VT-023, VT-004","18","3","","","","","","","","","","true","true","","","Lease","","","","false","","COT-0010","","",""
"0BA6BE66-FE7E-48AB-9346-BC2FA8370313","79","CT-00079","2025-07-24 09:22:27.923","2025-09-10 09:58:15.240","Paul Collins","Updated on 2025-09-10 09:58:15 Log key: (LT-000080176)","Rock & Brews Casino: Braman","Rock & Brews Casino: Braman","Rock and Brews","RNB","TR-00142","","1","115","","","","","","","","ST-12","9525 US-177","Braman","74632","-97.34586334228516","36.93820571899414","","","","","","","","","","","","","","","false","false","","","","","","","false","","COT-0084","","",""
"1F89CF66-F3C2-41ED-AF7B-47A108830741","80","CT-00080","2025-07-24 09:22:27.923","2025-09-10 09:56:42.190","Paul Collins","Updated on 2025-09-10 09:56:42 Log key: (LT-000080175)","Kanza Travel Plaza","Kanza Travel Plaza","Kanza TP","KTP","TR-00142","","3","75","","","","","","","","ST-12","9695 177 N Highway","Braman","74632","-97.3447036743164","36.9269905090332","","","","","","","","","","","","","","","false","false","","","","","","","false","","COT-0084","","",""
"9EB0A94F-1C34-4370-B4E8-A387DDA72FE7","81","CT-00081","2025-07-24 09:22:27.923","2025-07-24 10:37:31.777","Paul Collins","Updated on 2025-07-24 10:37:31 Log key: (LT-000060671)","Kickapoo Casino: Shawnee","Kickapoo Casino: Shawnee","Kickapoo Shawnee","KS","TR-00144","","3","50","0","0","","350","PT-00025","","","ST-12","38900 W MacArthur St","Shawnee","74804","-96.96797180175781","35.36357498168945","","Chad F","VT-005, VT-015, VT-023","16","1","","","","","","","","","","true","true","","","Lease","","","","false","","COT-0085","","",""
"FF26165A-C2D1-451E-87C4-F5A31A118336","82","CT-00082","2025-07-24 09:22:27.923","2025-07-24 10:37:31.777","Paul Collins","Updated on 2025-07-24 10:37:31 Log key: (LT-000060802)","Kickapoo Casino: Harrah","Kickapoo Casino: Harrah","Kickapoo Harrah","KH","TR-00144","","1","170","0","0","","525","PT-00025","","","ST-12","25230 US-62","Harrah","73045","-97.08366394042969","35.4940185546875","","Chad F","VT-005, VT-015, VT-023","18","1","","","","","","","","","","true","true","","","Lease","","","","false","","COT-0085","","",""
"31EE2427-8E5B-4529-95B4-CF31F3C5F39B","83","CT-00083","2025-07-24 09:22:27.923","2025-08-01 16:30:06.607","Paul Collins","Updated on 2025-08-01 16:30:06 Log key: (LT-000061844)","Kiowa Casino: Verden","Kiowa Casino: Verden","Kiowa Verden","KCV","TR-00146","","","","","","","","PT-00003","","","ST-12","33165 County Street 2740","Verden","73092","-98.10945129394531","35.076393127441406","","","","","","","","","","","","","","","false","false","","","","","","","false","","COT-0086","","","Previous account"
"E6CF4A40-5E4B-4BDA-84C9-4EC19C40FB30","84","CT-00084","2025-07-24 09:22:27.923","2025-07-24 10:37:31.777","Paul Collins","Updated on 2025-07-24 10:37:31 Log key: (LT-000060558)","Kiowa Casino & Hotel","Kiowa Casino & Hotel","Kiowa Red River","KRR","TR-00146","","1","320","0","0","","700","PT-00003","","","ST-12","198131 OK-36","Devol","73531","-98.52542114257812","34.14311599731445","","Blake A","VT-005, VT-023, VT-015, VT-013, VT-012","16","","","","","","","","","","","true","false","","","Lease","0.20","","","false","","COT-0086","","",""
"3464A0A4-6F9B-4DBD-A974-5B90F003ECE9","85","CT-00085","2025-07-24 09:22:27.923","2025-07-24 10:37:31.777","Paul Collins","Updated on 2025-07-24 10:37:31 Log key: (LT-000060581)","Kiowa Casino: Carnegie","Kiowa Casino: Carnegie","Kiowa Carnegie","KCC","TR-00146","","3","70","0","0","","110","PT-00003","","","ST-12","514 OK-9","Carnegie","73015","-98.59489440917969","35.10259246826172","","Blake A","VT-005, VT-023, VT-015, VT-013, VT-012","4","","","","","","","","","","","true","false","","","Lease","0.20","","","false","","COT-0086","","",""
"47FF98A8-B8D4-4DA9-8510-D8AE4CF169DE","86","CT-00086","2025-07-24 09:22:27.923","2025-09-25 16:13:34.120","Paul Collins","Updated on 2025-09-25 16:13:34 Log key: (LT-000092072)","Northern Waters Casino Resort","Northern Waters Casino Resort","Northern Waters","NW","TR-00149","","2","160","0","0","","501","","","","ST-06","N5384 US-45","Watersmeet","49969","-89.17721557617188","46.28936767578125","","Sean W","VT-003, VT-005, VT-015, VT-004, VT-008, VT-011, VT-023","25","5","","","","","","","","","","true","true","","","Lease","","","","false","","COT-0033","","",""
"C53D39AC-3474-45E6-96A3-C820577BDDAB","87","CT-00087","2025-07-24 09:22:27.923","2025-07-24 10:37:31.777","Paul Collins","Updated on 2025-07-24 10:37:31 Log key: (LT-000060728)","The Golden Buffalo Casino Restaurant and Motel","The Golden Buffalo Casino Restaurant and Motel","Golden Buffalo","GB","TR-00151","","3","70","0","0","","150","PT-00020","","","ST-14","321 Sitting Bull St","Lower Brule","57548","-99.57841491699219","44.071563720703125","","Sean W","VT-005, VT-004, VT-008, VT-011","4","3","","","","","","","","","","true","true","","","Lease","","","","false","","COT-0107","","",""
"D81CD252-BEEC-47D4-A3B0-761149542DCD","88","CT-00088","2025-07-24 09:22:27.923","2025-07-24 10:37:31.777","Paul Collins","Updated on 2025-07-24 10:37:31 Log key: (LT-000060608)","Garcia River Casino","Garcia River Casino","Garcia River","GRC","TR-00153","","3","50","0","0","","180","PT-00027","","","ST-03","22215 Windy Hollow Rd","Point Arena","95468","-123.6912612915039","38.93757629394531","","Tyler M","VT-003, VT-015","","2","","","","","","","","","","true","true","","","Lease","","","","false","","COT-0011","","",""
"38587847-8367-4EF2-947F-FC77ED9FF90B","89","CT-00089","2025-07-24 09:22:27.923","2025-07-24 10:37:31.777","Paul Collins","Updated on 2025-07-24 10:37:31 Log key: (LT-000060811)","Prairie Moon Casino","Prairie Moon Casino","Prairie Moon","PMC","TR-00155","","3","61","0","0","","0","","","","ST-12","202 S Eight Tribe Trail","Miami","74354","-94.84855651855469","36.87228012084961","","Chad F","VT-005","8","3","","","","","","","","","","true","true","","","Lease","","","","false","","COT-0087","","",""
"C6B16222-5421-4DED-8008-A215F5587978","90","CT-00090","2025-07-24 09:22:27.923","2025-08-01 16:31:23.693","Paul Collins","Updated on 2025-08-01 16:31:23 Log key: (LT-000061845)","Prairie Sun Casino","Prairie Sun Casino","Prairie Sun","PSC","TR-00155","","","","","","","","","","","ST-12","3411 P St NW","Miami","74354","-94.8963394165039","36.91852569580078","","","","","","","","","","","","","","","false","false","","","","","","","false","","COT-0087","","","Closed March 2020"
"E57B9932-C673-4221-A236-857F8EFB0DCD","91","CT-00091","2025-07-24 09:22:27.923","2025-07-24 10:37:31.777","Paul Collins","Updated on 2025-07-24 10:37:31 Log key: (LT-000060635)","Twin Pine Casino & Hotel","Twin Pine Casino & Hotel","Twin Pine","TP","TR-00156","","1","175","0","0","","449","","","","ST-03","22223 CA-29","Middletown","95461","-122.62390899658203","38.7313232421875","","Tyler M","VT-004, VT-011, VT-023","12","3","","","","","","","","","","true","true","","","Lease","","","","false","","COT-0013","","",""
"4B1E63E5-37B4-447C-8C5C-5B4D45AEF8CD","92","CT-00092","2025-07-24 09:22:27.923","2025-07-24 10:37:31.777","Paul Collins","Updated on 2025-07-24 10:37:31 Log key: (LT-000060580)","The Stables Casino","The Stables Casino","The Stables","SBL","TR-00158","","3","80","0","0","","500","PT-00020","","","ST-12","530 H St SE","Miami","74354","-94.86978149414062","36.86738967895508","","Chad F","VT-005, VT-015","10","3","","","","","","","","","","true","true","","","Lease","","","","false","","COT-0088","","",""
"5B4DC87B-C8A7-4038-BFDE-8860C68D0B7A","93","CT-00093","2025-07-24 09:22:27.923","2025-07-28 14:07:13.840","Paul Collins","Updated on 2025-07-28 14:07:13 Log key: (LT-000061549)","Creek Nation Casino: Muskogee","Creek Nation Casino: Muskogee","Creek - Muscogee","CNM","TR-00159","","1","220","0","0","","600","PT-00020","","","ST-12","3420 W Peak Blvd","Muskogee","74401","-95.40508270263672","35.71303176879883","","Blake A","VT-005, VT-023, VT-015, VT-013","8","","","","","","","","","","","true","true","","","Lease","0.15","","","false","","COT-0078","","",""
"C557B598-E6F3-429C-9D69-F22D06A671D6","94","CT-00094","2025-07-24 09:22:27.923","2025-07-24 10:37:31.777","Paul Collins","Updated on 2025-07-24 10:37:31 Log key: (LT-000060795)","Creek Nation Casino: Eufaula","Creek Nation Casino: Eufaula","Creek - Eufaula","CNE","TR-00159","","3","115","0","0","","240","PT-00020","","","ST-12","806 Forest Ave","Eufaula","74432","-95.5916519165039","35.2823371887207","","Blake A","VT-005, VT-023, VT-015, VT-013","16","","","","","","","","","","","true","true","","","Lease","0.15","","","false","","COT-0078","","",""
"2BF4C7F0-8F05-4369-A550-02865033503A","95","CT-00095","2025-07-24 09:22:27.923","2025-07-24 10:37:31.777","Paul Collins","Updated on 2025-07-24 10:37:31 Log key: (LT-000060461)","Creek Nation Casino: Holdenville","Creek Nation Casino: Holdenville","Creek - Holdenville","CNH","TR-00159","","3","120","0","0","","135","PT-00020","","","ST-12","211 E Willow St","Holdenville","74848","-96.4034423828125","35.09123229980469","","Blake A","VT-005, VT-023, VT-015, VT-013","4","","","","","","","","","","","true","true","","","Lease","0.15","","","false","","COT-0078","","",""
"26DD3E8B-E4D4-48B2-9834-2597D89555F8","96","CT-00096","2025-07-24 09:22:27.923","2025-07-24 10:37:31.777","Paul Collins","Updated on 2025-07-24 10:37:31 Log key: (LT-000060511)","Duck Creek Casino","Duck Creek Casino","Creek - Duck Creek","DCC","TR-00159","","2","175","0","0","","500","PT-00020","","","ST-12","10085 Ferguson Rd","Beggs","74421","-96.01412200927734","35.81433868408203","","Blake A","VT-005, VT-023, VT-015, VT-013","8","","","","","","","","","","","true","true","","","Lease","0.15","","","false","","COT-0079","","",""
"851F41BC-FF4E-4B31-861D-B5CAC8E2CB3E","97","CT-00097","2025-07-24 09:22:27.923","2025-07-24 10:37:31.777","Paul Collins","Updated on 2025-07-24 10:37:31 Log key: (LT-000060696)","Okemah Casino","Okemah Casino","Creek - Okemah","CNO","TR-00159","","3","100","0","0","","260","PT-00020","","","ST-12","S. 1100 S Woody Guthrie St","Okemah","74859","-96.2996826171875","35.42115783691406","","Blake A","VT-005, VT-023, VT-015, VT-013","4","","","","","","","","","","","true","true","","","Lease","0.15","","","false","","COT-0078","","",""
"F0042274-7AC5-4CA3-9EC4-BEFF2CC30417","98","CT-00098","2025-07-24 09:22:27.923","2025-07-24 10:37:31.777","Paul Collins","Updated on 2025-07-24 10:37:31 Log key: (LT-000060717)","River Spirit Casino Resort","River Spirit Casino Resort","Creek - River Spirit","RSC","TR-00159","","1","290","0","500","","3100","PT-00020","","","ST-12","8330 Riverside Pkwy","Tulsa","74137","-95.96285247802734","36.04081726074219","","Blake A","VT-005, VT-023, VT-015, VT-013","20","","","","","","","","","","","true","true","","","Lease","0.15","","","false","","COT-0079","","",""
"F3A71F86-8BE3-4167-AA88-6973224F914A","99","CT-00099","2025-07-24 09:22:27.923","2025-07-24 10:37:31.777","Paul Collins","Updated on 2025-07-24 10:37:31 Log key: (LT-000060593)","One Fire Casino","One Fire Casino","Creek - One Fire","OFC","TR-00159","","2","120","0","0","","350","PT-00020","","","ST-12","1901 N Wood Dr","Okmulgee","74447","-95.96121978759766","35.63957595825195","","Blake A","VT-005, VT-023, VT-015, VT-013","8","","","","","","","","","","","true","true","","","Lease","0.15","","","false","","COT-0078","","",""
"2E4DBA38-720E-463D-90F8-7A5FBD3310E7","100","CT-00100","2025-07-24 09:22:27.923","2025-07-24 10:37:31.777","Paul Collins","Updated on 2025-07-24 10:37:31 Log key: (LT-000060620)","Creek Nation Casino: Bristow","Creek Nation Casino: Bristow","Creek - Bristow","CNB","TR-00159","","1","190","0","0","","225","PT-00020","","","ST-12","121 W Lincoln Ave","Bristow","74010","-96.39197540283203","35.82693862915039","","Blake A","VT-005, VT-023, VT-015, VT-013","4","","","","","","","","","","","true","true","","","Lease","0.15","","","false","","COT-0079","","",""
"96B391F4-2412-4B0A-AF5D-04EF6C0E9903","101","CT-00101","2025-07-24 09:22:27.923","2025-09-10 14:39:25.513","Paul Collins","Updated on 2025-09-10 14:39:25 Log key: (LT-000080177)","Jimmy Buffett's Margaritaville Casino and Restaurant","Jimmy Buffett's Margaritaville Casino and Restaurant","Creek - Margaritaville","RSC","TR-00159","","1","150","0","0","","0","PT-00020","","","ST-12","8330 Riverside Pkwy","Tulsa","74137","-95.96285247802734","36.04081726074219","","Blake A","","","","","","","","","","","","","false","false","","","","","","","false","","COT-0079","","",""
"0F3AAEFA-691E-425D-A2B0-BCF22667501B","102","CT-00102","2025-07-24 09:22:27.923","2025-07-24 10:37:31.777","Paul Collins","Updated on 2025-07-24 10:37:31 Log key: (LT-000060713)","Creek Nation Casino: Checotah","Creek Nation Casino: Checotah","Creek - Checotah","CNC","TR-00159","","1","175","0","0","","300","PT-00020","","","ST-12","830 N Broadway St","Checotah","74426","-95.5226058959961","35.481319427490234","","Blake A","VT-005, VT-023, VT-015, VT-013","6","","","","","","","","","","","true","true","","","Lease","0.15","","","false","","COT-0078","","",""
"54FD7C3E-16B6-49A3-BBC0-949E2C131304","103","CT-00103","2025-07-24 09:22:27.923","2025-08-21 08:45:37.890","Paul Collins","Updated on 2025-08-21 08:45:37 Log key: (LT-000064212)","Wind River Hotel & Casino","Northern Arapaho Enterprises II d/b/aWind River Hotel & Casino","Wind River","WR","TR-00161","","2","150","0","0","","617","PT-00012","","","ST-16","180 Red Wolf Place","Riverton","82501","-108.39195251464844","42.985164642333984","","Juli Y","VT-003, VT-004, VT-011, VT-005, VT-008, VT-024, VT-023","","4","","","","","","","","Casino","Vendor","true","true","","","Lease and Purchase","","","","false","","","2025-07-02","",""
"B41FFDEE-EEB9-4B5E-B60E-DEEE37E64545","104","CT-00104","2025-07-24 09:22:27.923","2025-07-24 10:37:31.777","Paul Collins","Updated on 2025-07-24 10:37:31 Log key: (LT-000060766)","Osage Casino Hotel: Tulsa","Osage Casino Hotel: Tulsa","Osage - Tulsa","OTL","TR-00165","","1","200","0","0","","1600","","","","ST-12","951 West 36th St N","Tulsa","74127","-96.01024627685547","36.205413818359375","","Travis J","VT-005, VT-023","","","","","","","","","","","","true","true","","","Lease","","","","false","","COT-0089","","",""