"uuid","index_key","reference_key","insert_date","update_date","update_by","change_log","casino_id","asset_id","theme_id","zone","bank","location","asset_number","denom","os_version","rtp","hold","prog_media","paytable","date_instl","golive","lastconver","rmvl_date","prog_type","prog_level","reset_1","reset_2","reset_3","reset_4","reset_5","reset_6","reset_7","reset_8","prog_1","prog_2","prog_3","prog_4","prog_5","prog_6","prog_7","prog_8","top_award","reels","no_lines","bet_line","maxcoinbet","betconfig","butt_panel","top_boxtyp","boot_bios","print_id","print_soft","bill_validator_id","billvalsft","mon_type","toppertype","active"
"1E26B726-2C3C-4EFC-B7DF-E2051A866B0E","16002","SM-000016002","2025-09-26 11:49:09.250","2025-09-26 11:49:09.710","Paul Collins","Updated on 2025-09-26 11:49:10 Log key: (LT-000099476)","CT-00040","A-00386","TH-00832","1","65","1","102474","0.01","Bolt Platform 3.2","94.10","5.90","USL_GE-6R27L-Mod-1.2","M20-06","2022-05-04","","2022-10-18","","Linked","2","10000.00","3000.00","","","","","","","0.50","0.50","","","","","","","PROG","6","27","75/150/300/600/1200","1200","1/2/4/8/16","iDeck","","Quixant Secure Boot 3.1","No Reference","S00120","No Reference","6NY400008400","","Video","Inactive"
"31C11E96-7887-4EB4-8A1D-5BE4EE3425A5","16003","SM-000016003","2025-09-26 11:49:09.250","2025-09-26 11:49:09.710","Paul Collins","Updated on 2025-09-26 11:49:10 Log key: (LT-000095021)","CT-00040","A-00386","TH-00825","1","27","1","102559","0.01/0.02/0.05","BOLT PLATFORM v3.2","0.89","99.11","CS-5R26L-Mod-1.0","M22-02","","","2023-01-18","","LINKED","2","","","","","","","","","","","","","","","","","PROG","5","26","75/150/300/600","600","1/2/4/8","","","nan","No Reference","","No Reference","","","","Inactive"
"03835DC4-D267-43AE-AF41-01A24622B36F","16004","SM-000016004","2025-09-26 11:49:09.250","2025-09-26 11:49:09.710","Paul Collins","Updated on 2025-09-26 11:49:10 Log key: (LT-000092121)","CT-00026","A-00386","TH-00825","LL","4","1","101147","0.01/0.02/0.05","BOLT PLATFORM v3.41","92.01","7.99","CS-5R26L-Mod-1.1","M22-02","2024-06-17","","","","LINKED","2","","","","","","","","","","","","","","","","","PROG","5","26","75/150/300/375/600","600","1/2/4/5/8","","","nan","No Reference","","No Reference","","","","Inactive"
"FB3DC2CB-7F6B-4901-8A51-0835DAB413E0","16005","SM-000016005","2025-09-26 11:49:09.250","2025-10-02 15:06:09.800","Paul Collins","Updated on 2025-10-02 15:06:09 Log key: (LT-000111042)","CT-00126","A-05433","TH-00831","1","10","7","1621","0.01","BOLT PLATFORM 3.41","92.02","7.98","SSZC-5R26L-Mod-1.1","M21-01","2024-07-22","","","","LINKED","2","","","","","","","","","","","","","","","","","PROG","5","26","75/150/300/600/1200","1200","1/2/4/8/16","","","nan","No Reference","","No Reference","","","","Inactive"
"C9D269C6-2783-4BE7-8292-BBF77F601865","16006","SM-000016006","2025-09-26 11:49:09.250","2025-10-02 15:06:26.497","Paul Collins","Updated on 2025-10-02 15:06:26 Log key: (LT-000111043)","CT-00126","A-05433","TH-00831","","10","7","1621","0.01","nan","92.02","7.98","nan","nan","2024-10-07","","","","nan","","","","","","","","","","","","","","","","","","","","","nan","","nan","","","nan","No Reference","","No Reference","","","","Inactive"
"09B29FFC-AA9E-4F42-AE10-08A2C27B27E8","16007","SM-000016007","2025-09-26 11:49:09.250","2025-09-26 11:49:09.710","Paul Collins","Updated on 2025-09-26 11:49:10 Log key: (LT-000092350)","CT-00041","A-00389","TH-00831","2","6","3","102699","0.01","BOLT PLATFORM v3.2","91.02","8.98","SSZC-5R26L-Mod-1.1","M21-01","2023-11-14","","","","LINKED","2","","","","","","","","","","","","","","","","","PROG","5","26","75/150/300/600/1200","1200","1/2/4/8/16","","","nan","No Reference","","No Reference","","","","Inactive"
"362EE339-4B83-4520-8853-8C24861A77D3","16008","SM-000016008","2025-09-26 11:49:09.250","2025-09-26 11:49:09.710","Paul Collins","Updated on 2025-09-26 11:49:10 Log key: (LT-000096609)","CT-00043","A-00389","TH-00834","","48","3","4858","0.01/0.02","v3.2 (Bolt Platform)","93.00","7.00","SL-6R27L-Mod-3.1","(89.104%-93.092%)","2022-11-30","2022-11-30","","","Linked","2","10000.00","1000.00","","","","","","","0.50","0.50","","","","","","","PROG","6","27","50/100/200/250/500","500","1/2/4/5/10","iDeck","","Quixant Secure Boot 3.1","No Reference","5RUSAGE29","No Reference","V2.83-52","","Video","Inactive"
"42926A69-6534-466C-A98F-FD888247106B","16009","SM-000016009","2025-09-26 11:49:09.250","2025-09-26 11:49:09.710","Paul Collins","Updated on 2025-09-26 11:49:10 Log key: (LT-000100414)","CT-00043","A-00389","TH-00834","","48","3","4858","0.01/0.02/0.05","BOLT PLATFORM v3.2","0.89","99.11","CS-5R26L-Mod-1.0","M22-02","","","2023-02-08","","LINKED","2","","","","","","","","","","","","","","","","","PROG","5","26","75/150/300/375/600","600","1/2/4/5/8","","","nan","No Reference","","No Reference","","","","Inactive"
"D8310630-3E36-4433-8396-A8BAEAD5AF6B","16010","SM-000016010","2025-09-26 11:49:09.250","2025-09-26 11:49:09.710","Paul Collins","Updated on 2025-09-26 11:49:10 Log key: (LT-000097538)","CT-00040","A-00390","TH-00832","1","65","2","102475","0.01","Bolt Platform 3.2","94.10","5.90","USL_GE-6R27L-Mod-1.2","M20-06","2022-05-04","","2022-10-18","","Linked","2","10000.00","3000.00","","","","","","","0.50","0.50","","","","","","","PROG","6","27","75/150/300/600/1200","1200","1/2/4/8/16","iDeck","","Quixant Secure Boot 3.1","No Reference","S00120","No Reference","6NY400008400","","Video","Inactive"
"6262F45D-A178-4A77-B9A7-0FEDE1465F61","16011","SM-000016011","2025-09-26 11:49:09.250","2025-09-26 11:49:09.710","Paul Collins","Updated on 2025-09-26 11:49:10 Log key: (LT-000092594)","CT-00040","A-00390","TH-00825","1","27","2","102560","0.01/0.02/0.05","BOLT PLATFORM v3.2","0.89","99.11","CS-5R26L-Mod-1.0","M22-02","","","2023-01-18","","LINKED","2","","","","","","","","","","","","","","","","","PROG","5","26","75/150/300/600","600","1/2/4/8","","","nan","No Reference","","No Reference","","","","Inactive"
"986452C5-70A7-4649-9BE4-1CF4857438F0","16012","SM-000016012","2025-09-26 11:49:09.250","2025-09-26 11:49:09.710","Paul Collins","Updated on 2025-09-26 11:49:10 Log key: (LT-000093017)","CT-00026","A-00390","TH-00825","LL","4","2","101149","0.01/0.02/0.05","BOLT PLATFORM v3.41","92.01","7.99","CS-5R26L-Mod-1.1","M22-02","2024-06-17","","","","LINKED","2","","","","","","","","","","","","","","","","","PROG","5","26","75/150/300/375/600","600","1/2/4/5/8","","","nan","No Reference","","No Reference","","","","Inactive"
"86BA39A9-261D-4F99-9093-B920B7134BBC","16013","SM-000016013","2025-09-26 11:49:09.250","2025-09-26 11:49:09.710","Paul Collins","Updated on 2025-09-26 11:49:10 Log key: (LT-000098082)","CT-00026","A-00391","TH-00825","LL","4","3","101150","0.01/0.02/0.05","BOLT PLATFORM v3.41","92.01","7.99","CS-5R26L-Mod-1.1","M22-02","2024-06-17","","","","LINKED","2","","","","","","","","","","","","","","","","","PROG","5","26","75/150/300/375/600","600","1/2/4/5/8","","","nan","No Reference","","No Reference","","","","Inactive"
"BB78558D-2C7D-45FD-8BF9-A89F86B00CAA","16014","SM-000016014","2025-09-26 11:49:09.250","2025-09-26 11:49:09.710","Paul Collins","Updated on 2025-09-26 11:49:10 Log key: (LT-000097528)","CT-00134","A-00392","TH-00833","1","400","408","7175","0.01","v3.2","94.10","5.90","USL_GG-6R27L-Mod-1.2","M20-06","2022-09-13","2022-09-16","","","Linked","2","10000.00","3000.00","","","","","","","0.50","0.50","","","","","","","PROG","6","27","75/150/300/600/1200/2400","2400","1/2/4/8/16/32","iDeck","","","No Reference","E001TTL0101T5","No Reference","V2.51-49","","Video","Inactive"
"1DE38D9D-A0B2-4B4B-9EAB-EFB9D9EA6D0C","16028","SM-000016028","2025-09-26 11:49:09.250","2025-09-26 11:49:09.710","Paul Collins","Updated on 2025-09-26 11:49:10 Log key: (LT-000099908)","CT-00134","A-00398","TH-00825","1","400","409","7199","0.01/0.02/0.05","BOLT PLATFORM v3.2","","","CS-5R26L-Mod-1.0","M22-02","","","2023-02-21","","LINKED","2","","","","","","","","","","","","","","","","","PROG","5","26","75/150/300/375/600","600","1/2/4/8","","","nan","No Reference","","No Reference","","","","Inactive"
"20E9C576-E54B-4A10-94B0-7B9F540C21E4","16029","SM-000016029","2025-09-26 11:49:09.250","2025-09-26 11:49:09.710","Paul Collins","Updated on 2025-09-26 11:49:10 Log key: (LT-000096069)","CT-00041","A-00400","TH-00831","2","6","4","102700","0.01","BOLT PLATFORM v3.2","91.02","8.98","SSZC-5R26L-Mod-1.1","M21-01","2023-11-14","","","","LINKED","2","","","","","","","","","","","","","","","","","PROG","5","26","75/150/300/600/1200","1200","1/2/4/8/16","","","nan","No Reference","","No Reference","","","","Inactive"
"D41A1DC4-3A0B-4B41-BD53-2FF0C66680DC","16030","SM-000016030","2025-09-26 11:49:09.250","2025-09-26 11:49:09.710","Paul Collins","Updated on 2025-09-26 11:49:10 Log key: (LT-000093572)","CT-00043","A-00400","TH-00834","","48","4","4859","0.01/0.02","v3.2 (Bolt Platform)","93.00","7.00","SL-6R27L-Mod-3.1","(89.104%-93.092%)","2022-11-30","2022-11-30","","","Linked","2","10000.00","1000.00","","","","","","","0.50","0.50","","","","","","","PROG","6","27","50/100/200/250/500","500","1/2/4/5/10","iDeck","","Quixant Secure Boot 3.1","No Reference","5RUSAGE29","No Reference","V2.83-52","","Video","Inactive"
"E592F9C2-AC52-4D61-8396-E8BDCBB3C536","16031","SM-000016031","2025-09-26 11:49:09.250","2025-09-26 11:49:09.710","Paul Collins","Updated on 2025-09-26 11:49:10 Log key: (LT-000099670)","CT-00043","A-00400","TH-00825","","48","4","4867","0.01/0.02/0.05","BOLT PLATFORM v3.2","0.89","99.11","CS-5R26L-Mod-1.0","M22-02","","","2023-02-08","","LINKED","2","","","","","","","","","","","","","","","","","PROG","5","26","75/150/300/375/600","600","1/2/4/5/8","","","nan","No Reference","","No Reference","","","","Inactive"
"8ADA156F-EF96-4204-910C-B2D466CDF4E9","16032","SM-000016032","2025-09-26 11:49:09.250","2025-09-26 11:49:09.710","Paul Collins","Updated on 2025-09-26 11:49:10 Log key: (LT-000097866)","CT-00003","A-05419","TH-00825","4","1","3","10236","0.01/0.02/0.05","BOLT PLATFORM v3.41","92.01","7.99","CS-5R26L-Mod-1.1","M22-02","2024-03-25","","","","LINKED","2","","","","","","","","","","","","","","","","","PROG","5","26","75/150/300/375/600","600","1/2/4/5/8","","","nan","No Reference","","No Reference","","","","Inactive"
"7DF9F8C3-0588-43B3-B39D-11F2A583C6F4","16033","SM-000016033","2025-09-26 11:49:09.250","2025-09-26 11:49:09.710","Paul Collins","Updated on 2025-09-26 11:49:10 Log key: (LT-000092666)","CT-00117","A-05447","TH-00825","O","2","3","13362","0.01/0.02/0.05","Bolt Platform 3.2","","","CS-5R26L-Mod-1.1","M22-02","2024-02-07","","","","LINKED","2","","","","","","","","","","","","","","","","","PROG","5","26","75/150/300/375/600","600","1/2/4/5/8","","","nan","No Reference","","No Reference","","","","Inactive"
"6B70BD37-9F88-4B47-AE53-01EAFC79F634","16034","SM-000016034","2025-09-26 11:49:09.250","2025-09-26 11:49:09.710","Paul Collins","Updated on 2025-09-26 11:49:10 Log key: (LT-000092133)","CT-00003","A-02703","TH-00825","4","1","2","10237","0.01/0.02/0.05","BOLT PLATFORM v3.41","92.01","7.99","CS-5R26L-Mod-1.1","M22-02","2024-03-25","","","","LINKED","2","","","","","","","","","","","","","","","","","PROG","5","26","75/150/300/375/600","600","1/2/4/5/8","","","nan","No Reference","","No Reference","","","","Inactive"
"EA2838C5-FCA5-4E57-B724-7BB31D793722","16035","SM-000016035","2025-09-26 11:49:09.250","2025-09-26 11:49:09.710","Paul Collins","Updated on 2025-09-26 11:49:10 Log key: (LT-000096075)","CT-00117","A-05448","TH-00825","O","2","1","13360","0.01/0.02/0.05","Bolt Platform 3.2","","","CS-5R26L-Mod-1.1","M22-02","2024-02-07","","","","LINKED","2","","","","","","","","","","","","","","","","","PROG","5","26","75/150/300/375/600","600","1/2/4/5/8","","","nan","No Reference","","No Reference","","","","Inactive"
"71C8438B-8D6C-447F-AD8E-F04504BAD706","16036","SM-000016036","2025-09-26 11:49:09.250","2025-09-26 11:49:09.710","Paul Collins","Updated on 2025-09-26 11:49:10 Log key: (LT-000099932)","CT-00003","A-05420","TH-00831","4","1","5","10239","0.01","BOLT PLATFORM v3.41","92.02","7.98","SSZC-5R26L-Mod-1.1","M21-01","2024-03-25","","","","LINKED","2","","","","","","","","","","","","","","","","","PROG","5","26","75/150/300/600/1200","1200","1/2/4/8/16","","","nan","No Reference","","No Reference","","","","Inactive"
"92C7459D-07F9-4CE2-8068-61FA852530FB","16037","SM-000016037","2025-09-26 11:49:09.250","2025-09-26 11:49:09.710","Paul Collins","Updated on 2025-09-26 11:49:10 Log key: (LT-000095204)","CT-00117","A-05450","TH-00825","O","2","2","13361","0.01/0.02/0.05","Bolt Platform 3.2","","","CS-5R26L-Mod-1.1","M22-02","2024-02-07","","","","LINKED","2","","","","","","","","","","","","","","","","","PROG","5","26","75/150/300/375/600","600","1/2/4/5/8","","","nan","No Reference","","No Reference","","","","Inactive"
"F3EA228C-67EE-4885-A0CD-9FAD40A78811","16038","SM-000016038","2025-09-26 11:49:09.250","2025-09-26 11:49:09.710","Paul Collins","Updated on 2025-09-26 11:49:10 Log key: (LT-000097240)","CT-00003","A-05421","TH-00831","4","1","4","10241","0.01","BOLT PLATFORM v3.41","92.02","7.98","SSZC-5R26L-Mod-1.1","M21-01","2024-03-25","","","","LINKED","2","","","","","","","","","","","","","","","","","PROG","5","26","75/150/300/600/1200","1200","1/2/4/8/16","","","nan","No Reference","","No Reference","","","","Inactive"
"9ED0F4D6-F45E-46C4-9F6F-6874B61903FC","16039","SM-000016039","2025-09-26 11:49:09.250","2025-09-26 11:49:09.710","Paul Collins","Updated on 2025-09-26 11:49:10 Log key: (LT-000095428)","CT-00003","A-05422","TH-00831","4","1","6","10240","0.01","BOLT PLATFORM v3.41","92.02","7.98","SSZC-5R26L-Mod-1.1","M21-01","2024-03-25","","","","LINKED","2","","","","","","","","","","","","","","","","","PROG","5","26","75/150/300/600/1200","1200","1/2/4/8/16","","","nan","No Reference","","No Reference","","","","Inactive"
"186E6842-58DF-4B00-B2C8-F5022C768A80","16040","SM-000016040","2025-09-26 11:49:09.250","2025-09-26 11:49:09.710","Paul Collins","Updated on 2025-09-26 11:49:10 Log key: (LT-000100108)","CT-00029","A-01667","TH-00825","","7","1","13610","0.01/0.02/0.05","Bolt Platform v3.2","92.01","7.99","CS-5R26L-Mod-1.1","M22-02","2024-09-25","","","","LINKED","2","10000.00","1200.00","","","","","","","","","","","","","","","PROG","5","26","75/150/300/375/600","600","1/2/4/5/8","","","nan","No Reference","","No Reference","","","","Inactive"
"24F7A6E6-98CA-4FF4-B518-D44C8252CCB7","16054","SM-000016054","2025-09-26 11:49:09.250","2025-09-26 11:49:09.710","Paul Collins","Updated on 2025-09-26 11:49:10 Log key: (LT-000098996)","CT-00130","A-06310","TH-00825","2","3","4","15455","0.01/0.02/0.05","v3.2","92.01","7.99","CS-5R26L-Mod-1.0","M22-02","2023-08-08","","","","LINKED","2","","","","","","","","","","","","","","","","","PROG","5","26","75/150/300/375/600","600","1/2/4/5/8","","","nan","No Reference","","No Reference","","","","Active"
"46EB249E-C2EB-4F24-945C-1ECE9EFAD61A","16055","SM-000016055","2025-09-26 11:49:09.250","2025-09-26 11:49:09.710","Paul Collins","Updated on 2025-09-26 11:49:10 Log key: (LT-000093066)","CT-00130","A-06311","TH-00825","2","3","5","15456","0.01/0.02/0.05","v3.2","92.01","7.99","CS-5R26L-Mod-1.0","M22-02","2023-08-08","","","","LINKED","2","","","","","","","","","","","","","","","","","PROG","5","26","75/150/300/375/600","600","1/2/4/5/8","","","nan","No Reference","","No Reference","","","","Active"
"7F62A623-B2D1-4DE6-BE48-29927506E4A5","16056","SM-000016056","2025-09-26 11:49:09.250","2025-09-26 11:49:09.710","Paul Collins","Updated on 2025-09-26 11:49:10 Log key: (LT-000093390)","CT-00130","A-06312","TH-00825","2","3","6","15457","0.01/0.02/0.05","v3.2","92.01","7.99","CS-5R26L-Mod-1.0","M22-02","2023-08-08","","","","LINKED","2","","","","","","","","","","","","","","","","","PROG","5","26","75/150/300/375/600","600","1/2/4/5/8","","","nan","No Reference","","No Reference","","","","Active"
"F466D754-341C-4BCA-95ED-EAD7B3C3E08E","16057","SM-000016057","2025-09-26 11:49:09.250","2025-09-26 11:49:09.710","Paul Collins","Updated on 2025-09-26 11:49:10 Log key: (LT-000099742)","CT-00130","A-06313","TH-00825","2","3","7","15458","0.01/0.02/0.05","v3.2","92.01","7.99","CS-5R26L-Mod-1.0","M22-02","2023-08-08","","","","LINKED","2","","","","","","","","","","","","","","","","","PROG","5","26","75/150/300/375/600","600","1/2/4/5/8","","","nan","No Reference","","No Reference","","","","Active"
"2EDA17B4-C2F9-447F-A345-A3FEF7BF8163","16058","SM-000016058","2025-09-26 11:49:09.250","2025-09-26 11:49:09.710","Paul Collins","Updated on 2025-09-26 11:49:10 Log key: (LT-000097388)","CT-00139","A-05478","TH-00825","S5","16","1","61058","0.01/0.02/0.05","BOLT PLATFORM v3.2","91.29","8.71","CS-5R26L-Mod-1.1","M22-02","2023-10-24","","","","LINKED","2","10000.00","1200.00","","","","","","","","","","","","","","","PROG","5","26","75/150/300/375/600","600","1/2/4/5/8","","","nan","No Reference","","No Reference","","","","Inactive"
"21B460BA-6161-4D31-9D5F-0EE3A75F15F8","16059","SM-000016059","2025-09-26 11:49:09.250","2025-09-26 11:49:09.710","Paul Collins","Updated on 2025-09-26 11:49:10 Log key: (LT-000092565)","CT-00139","A-05479","TH-00825","S5","16","2","61059","0.01/0.02/0.05","BOLT PLATFORM v3.2","91.29","8.71","CS-5R26L-Mod-1.1","M22-02","2023-10-24","","","","LINKED","2","10000.00","1200.00","","","","","","","","","","","","","","","PROG","5","26","75/150/300/375/600","600","1/2/4/5/8","","","nan","No Reference","","No Reference","","","","Inactive"
"11985FE8-E9E4-4AA9-856E-B76D1CDCBAEB","16060","SM-000016060","2025-09-26 11:49:09.250","2025-09-26 11:49:09.710","Paul Collins","Updated on 2025-09-26 11:49:10 Log key: (LT-000098013)","CT-00048","A-02873","TH-00825","FF","601","4","","0.01/0.02/0.05","V3.1 Bold Engine V3.2","","","","M17-01","2023-01-17","","","","nan","","","","","","","","","","","","","","","","","","","","","nan","$5.00","nan","","","","No Reference","","No Reference","","","","Inactive"
"2D10469B-CE46-465A-BE5E-3211452CC651","16061","SM-000016061","2025-09-26 11:49:09.250","2025-09-26 11:49:09.710","Paul Collins","Updated on 2025-09-26 11:49:10 Log key: (LT-000093651)","CT-00048","A-02873","TH-00825","FF","601","4","23188","0.01/0.02/0.05","v3.41","92.00","8.00","","M22-02","","","2023-06-08","","LINKED","2","","","","","","","","","","","","","","","","","PROG","5","26","75/150/300/375/600","$6.00","1/2/4/5/8","","","","No Reference","","No Reference","","","","Active"
"1A8883D0-ED11-4DA2-825B-27E256DD86AE","16062","SM-000016062","2025-09-26 11:49:09.250","2025-09-26 11:49:09.710","Paul Collins","Updated on 2025-09-26 11:49:10 Log key: (LT-000093338)","CT-00048","A-02870","TH-00825","FF","601","1","","0.01/0.02/0.05","V3.1 Bold Engine V3.2","","","","M17-01","2023-01-17","","","","nan","","","","","","","","","","","","","","","","","","","","","nan","$5.00","nan","","","","No Reference","","No Reference","","","","Inactive"
"DEF62AD9-CE5F-48AB-863A-CA457461E4C7","16063","SM-000016063","2025-09-26 11:49:09.250","2025-09-26 11:49:09.710","Paul Collins","Updated on 2025-09-26 11:49:10 Log key: (LT-000098663)","CT-00048","A-02870","TH-00825","FF","601","1","23185","0.01/0.02/0.05","v3.41","92.00","8.00","","M22-02","","","2023-06-08","","LINKED","2","","","","","","","","","","","","","","","","","PROG","5","26","75/150/300/375/600","$6.00","1/2/4/5/8","","","","No Reference","","No Reference","","","","Active"
"3B72F160-6C4E-4A54-B89D-7A6215CDF858","16064","SM-000016064","2025-09-26 11:49:09.250","2025-09-26 11:49:09.710","Paul Collins","Updated on 2025-09-26 11:49:10 Log key: (LT-000096040)","CT-00139","A-05481","TH-00825","S5","16","3","61060","0.01/0.02/0.05","BOLT PLATFORM v3.2","91.29","8.71","CS-5R26L-Mod-1.1","M22-02","2023-10-24","","","","LINKED","2","10000.00","1200.00","","","","","","","","","","","","","","","PROG","5","26","75/150/300/375/600","600","1/2/4/5/8","","","nan","No Reference","","No Reference","","","","Inactive"
"AD33FF6D-B539-426B-8D10-2F9D9974AE97","16065","SM-000016065","2025-09-26 11:49:09.250","2025-09-26 11:49:09.710","Paul Collins","Updated on 2025-09-26 11:49:10 Log key: (LT-000093558)","CT-00109","A-05482","TH-00825","5","524","1","3609","0.01/0.02/0.05","BOLT PLATFORM v3.2","","","CS-5R26L-Mod-1.0","M22-02","2023-05-24","","","","LINKED","2","","","","","","","","","","","","","","","","","PROG","5","26","75/150/300/375/600","600","1/2/4/5/8","","","nan","No Reference","","No Reference","","","","Inactive"
"0D612183-C11D-42D2-B4E7-99967936F41B","16066","SM-000016066","2025-09-26 11:49:09.250","2025-09-26 11:49:09.710","Paul Collins","Updated on 2025-09-26 11:49:10 Log key: (LT-000097046)","CT-00139","A-05483","TH-00825","S5","16","4","61061","0.01/0.02/0.05","BOLT PLATFORM v3.2","91.29","8.71","CS-5R26L-Mod-1.1","M22-02","2023-10-24","","","","LINKED","2","10000.00","1200.00","","","","","","","","","","","","","","","PROG","5","26","75/150/300/375/600","600","1/2/4/5/8","","","nan","No Reference","","No Reference","","","","Inactive"
"82FF33D9-D6A8-4FD2-9CBB-6CDD8B2762B0","16067","SM-000016067","2025-09-26 11:49:09.250","2025-09-26 11:49:09.710","Paul Collins","Updated on 2025-09-26 11:49:10 Log key: (LT-000095585)","CT-00048","A-02871","TH-00825","FF","601","2","","0.01/0.02/0.05","V3.1 Bold Engine V3.2","","","","M17-01","2023-01-17","","","","nan","","","","","","","","","","","","","","","","","","","","","nan","$5.00","nan","","","","No Reference","","No Reference","","","","Inactive"
"17A5A7C0-C8F4-40D5-BA88-3F83C878B09C","16082","SM-000016082","2025-09-26 11:49:09.250","2025-09-29 10:47:05.777","Paul Collins","Updated on 2025-09-29 10:47:05 Log key: (LT-000109890)","CT-00120","A-03994","TH-00492","2","26","1","551195","1.00","ZEARU-WW1LM-0606","93.79","6.21","WIDESTATION005","Z14M04-WW-GI-V011","2021-10-27","","","2024-05-13","","","","","","","","","","","","","","","","","","","","","","","","","","","","No Reference","GURUSAG14","No Reference","520080407","","Candle","Inactive"
"FECE0622-3EC6-4E23-9FF9-B3069468C6B3","16083","SM-000016083","2025-09-26 11:49:09.250","2025-09-29 10:47:05.777","Paul Collins","Updated on 2025-09-29 10:47:05 Log key: (LT-000109889)","CT-00120","A-03995","TH-00492","2","26","2","551196","1.00","ZEARU-WW1LM-0606","93.79","6.21","WIDESTATION005","Z14M04-WW-GI-V011","2021-10-27","","","2024-05-13","","","","","","","","","","","","","","","","","","","","","","","","","","","","No Reference","GURUSAG14","No Reference","520080407","","Candle","Inactive"
"1EB9259F-7B2C-494E-9921-4A8BF1080323","16084","SM-000016084","2025-09-26 11:49:09.250","2025-09-29 10:47:05.777","Paul Collins","Updated on 2025-09-29 10:47:05 Log key: (LT-000109888)","CT-00120","A-03996","TH-00492","2","26","3","551197","1.00","ZEARU-WW1LM-0606","93.79","6.21","WIDESTATION005","Z14M04-WW-GI-V011","2021-10-27","","","2024-05-13","","","","","","","","","","","","","","","","","","","","","","","","","","","","No Reference","GURUSAG14","No Reference","520080407","","Candle","Inactive"
"74645755-EF3A-40F3-A3C4-FCC96047EEC2","16085","SM-000016085","2025-09-26 11:49:09.250","2025-09-29 10:47:05.777","Paul Collins","Updated on 2025-09-29 10:47:05 Log key: (LT-000109887)","CT-00120","A-03997","TH-00492","2","26","4","551198","1.00","ZEARU-WW1LM-0606","93.79","6.21","WIDESTATION005","Z14M04-WW-GI-V011","2021-10-27","","","2024-05-13","","","","","","","","","","","","","","","","","","","","","","","","","","","","No Reference","GURUSAG14","No Reference","520080407","","Candle","Inactive"
"109E02EB-FC30-40AB-A64E-B6E11749BBE1","16086","SM-000016086","2025-09-26 11:49:09.250","2025-09-29 10:47:05.777","Paul Collins","Updated on 2025-09-29 10:47:05 Log key: (LT-000109886)","CT-00120","A-03998","TH-00492","2","26","5","551199","1.00","ZEARU-WW1LM-0606","93.79","6.21","WIDESTATION005","Z14M04-WW-GI-V011","2021-10-27","","","2024-05-13","","","","","","","","","","","","","","","","","","","","","","","","","","","","No Reference","GURUSAG14","No Reference","520080407","","Candle","Inactive"
"0B452F87-63CC-4228-A112-EFCA6868C34E","16087","SM-000016087","2025-09-26 11:49:09.250","2025-09-29 10:47:05.777","Paul Collins","Updated on 2025-09-29 10:47:05 Log key: (LT-000109885)","CT-00120","A-03999","TH-00492","2","26","6","551200","1.00","ZEARU-WW1LM-0606","93.79","6.21","WIDESTATION005","Z14M04-WW-GI-V011","2021-10-27","","","2024-05-13","","","","","","","","","","","","","","","","","","","","","","","","","","","","No Reference","GURUSAG14","No Reference","520080407","","Candle","Inactive"
"980E3A7A-9B91-422A-8C17-981B6422C549","16088","SM-000016088","2025-09-26 11:49:09.250","2025-09-29 10:47:05.777","Paul Collins","Updated on 2025-09-29 10:47:05 Log key: (LT-000109882)","CT-00120","A-04000","TH-00492","2","26","7","551201","1.00","ZEARU-WW1LM-0606","93.79","6.21","WIDESTATION005","Z14M04-WW-GI-V011","2021-10-27","","","2024-05-13","","","","","","","","","","","","","","","","","","","","","","","","","","","","No Reference","GURUSAG14","No Reference","520080407","","Candle","Inactive"
"85524CB9-37C8-4635-A884-7E5E41ED676E","16089","SM-000016089","2025-09-26 11:49:09.250","2025-09-26 11:49:09.710","Paul Collins","Updated on 2025-09-26 11:49:10 Log key: (LT-000096152)","CT-00111","A-04103","TH-00561","8","808","11","104784","0.01","ZEARU-JM3S-7111","92.02","7.98","Z11114-XXLN-ZA-106","Version 4","2020-06-23","","","","","","","","","","","","","","","","","","","","","","30000","5","30","30/60/90/150/300","300","1/2/3/5/10","10 static","","0AE5","No Reference","GURUSA210","No Reference","V2.53-38","","Special","Inactive"
"E1852ECE-97CA-4B38-8778-EEB77536C6CB","16090","SM-000016090","2025-09-26 11:49:09.250","2025-09-26 11:49:09.710","Paul Collins","Updated on 2025-09-26 11:49:10 Log key: (LT-000099868)","CT-00126","A-06879","TH-00561","","2","203","20330","0.01","ZEARU-JM3S-7111","92.02","7.98","Z11114-XXLN-ZA-106","Version 4","2019-12-09","","","","","","","","","","","","","","","","","","","","","","30000","5","30","30/60/90/150/300","300","1/2/3/5/10","7 Static","","0AE5","No Reference","GURUSA210","No Reference","V2.51-36","","Plex","Inactive"
"BC57CA0E-4A76-4535-8BBC-F65009C11E7E","16091","SM-000016091","2025-09-26 11:49:09.250","2025-09-29 10:47:05.777","Paul Collins","Updated on 2025-09-29 10:47:05 Log key: (LT-000109876)","CT-00120","A-03993","TH-01991","","","","","1.00","ZEARU-WW1LM-0606","93.79","6.21","CRMWCHZSWW0136","Z14M04-WW-GI-V011","2021-10-27","","","","","","","","","","","","","","","","","","","","","","","","","","","","","","","No Reference","","No Reference","","","Candle","Active"
"93569E74-DDD3-4996-AE58-F200709BD09A","16092","SM-000016092","2025-09-26 11:49:09.250","2025-09-26 11:49:09.710","Paul Collins","Updated on 2025-09-26 11:49:10 Log key: (LT-000100004)","CT-00111","A-04104","TH-00559","8","808","12","104785","0.01","ZEARU-JM3S-7111","92.08","7.92","Z11132-XXLN-ZA-109","Version 4","2020-06-23","","","","","","","","","","","","","","","","","","","","","","30000","5","30","30/60/90/150/300","300","1/2/3/5/10","10 static","","0B33","No Reference","GURUSA210","No Reference","V2.53-38","","Special","Inactive"
"C3FDF37E-AD3A-45E4-B09D-9556855C7C29","16093","SM-000016093","2025-09-26 11:49:09.250","2025-09-26 11:49:09.710","Paul Collins","Updated on 2025-09-26 11:49:10 Log key: (LT-000096920)","CT-00141","A-03220","TH-00561","2","D","6","4274","0.01","ZSJMGLI-ZAST7111","92.02","7.98","Z11114XXLNZA106","VAR04","","","","","","","","","","","","","","","","","","","","","","","","5","30","30/60/90/150/300","300","1/2/3/5/10","","","OAE5","No Reference","S04880","No Reference","V2.71-39","","Sign","Active"
"E26229F3-915D-4B7A-8881-05A89A80C66A","16094","SM-000016094","2025-09-26 11:49:09.250","2025-09-26 11:49:09.710","Paul Collins","Updated on 2025-09-26 11:49:10 Log key: (LT-000092246)","CT-00111","A-04106","TH-00560","8","808","13","104786","0.01","ZEARU-JM3S-7111","91.57","8.43","Z13017-XXLP-ZA-0107","Version 5","2020-06-23","","","","","","","","","","","","","","","","","","","","","","30000","5","30","30/60/90/150/300","300","1/2/3/5/10","10 static","","0BC5","No Reference","GURUSA210","No Reference","V2.53-38","","Special","Inactive"
"282D6B15-02F7-40DD-AFC1-0C6FCA2390A2","16095","SM-000016095","2025-09-26 11:49:09.250","2025-09-26 11:49:09.710","Paul Collins","Updated on 2025-09-26 11:49:10 Log key: (LT-000092491)","CT-00039","A-04107","TH-00559","","25","5","10107","0.01","ZEARU-JM3S-7111","92.08","7.92","Z11132-XXLN-ZA-109","Version 5","2022-01-18","","","","","","","","","","","","","","","","","","","","","","60000","5","30","30/60/90/150/300/600","600","1/2/3/5/10/20","10 Static","","0B33","No Reference","GURUSA210","No Reference","V2.78-39","","Special","Inactive"
"60C8778B-05A4-44FD-8D48-4454078C83DA","16110","SM-000016110","2025-09-26 11:49:09.250","2025-09-26 11:49:09.710","Paul Collins","Updated on 2025-09-26 11:49:10 Log key: (LT-000094226)","CT-00141","A-04110","TH-02257","3","P","4","5815","0.01","ZSJMGLI-ZAST7111","92.03","","Z12048-XXLN-ZA-0106","Var. 04","","","","","","","","","","","","","","","","","","","","","","","","5","30","30/60/90/150/300","300","1/2/3/5/10","7 Static","","0B95","No Reference","GURUSAG14","BV-09","SCN6607","","Plex","Inactive"
"2275FF5E-84C7-49C7-88C1-C7258EAB7E1C","16111","SM-000016111","2025-09-26 11:49:09.250","2025-09-29 10:47:05.777","Paul Collins","Updated on 2025-09-29 10:47:05 Log key: (LT-000109881)","CT-00057","A-06472","TH-00492","C1","1","6","7889","1.00","ZEARU-WW1LM-0606","93.79","6.21","WIDESTATION005","Z14M04-WW-GI-V011","2022-05-10","2022-05-11","","","","","","","","","","","","","","","","","","","","","6039.5","","","","2000","","","","","No Reference","5RUSAAZ23","BV-01","V2.53-38","","","Active"
"AE6C464D-AEE0-4499-BF49-1EF283FD49D1","16112","SM-000016112","2025-09-26 11:49:09.250","2025-09-26 11:49:09.710","Paul Collins","Updated on 2025-09-26 11:49:10 Log key: (LT-000093070)","CT-00130","A-04031","TH-00547","3","3","3","15165","0.01","ZEARU2-GEN-0045","94.02","5.98","X17005-XXRP-ZA-0104","Variation 02","2021-10-11","","","","Linked","4","8888.00","888.00","50.00","20.00","","","","","0.50","0.50","0.50","1.50","","","","","PROG","5","243 ways","88/176/264/528/880","880","1/2/3/6/10","10 Dynamic","","GAL 10AD","No Reference","GURUSA210","No Reference","V2.78-51","","Video","Inactive"
"F494A1C4-F24A-479C-BCBB-5861858327B6","16113","SM-000016113","2025-09-26 11:49:09.250","2025-09-26 11:49:09.710","Paul Collins","Updated on 2025-09-26 11:49:10 Log key: (LT-000094889)","CT-00130","A-04031","TH-00549","3","3","2","15474","0.01","ZEARU2-GEN-0064","","","X21P55-XXSP-ZA-0104","VAR 04","","","2023-07-25","","LINKED","2","","","","","","","","","","","","","","","","","PROG","5","HYPER SYMBOLS","50/100/150/250/500","500","1/2/3/5/10","","","GAL 1A4D","No Reference","","No Reference","","","","Inactive"
"9D0647C6-4316-479E-B21D-6C4295847BAB","16114","SM-000016114","2025-09-26 11:49:09.250","2025-09-26 11:49:09.710","Paul Collins","Updated on 2025-09-26 11:49:10 Log key: (LT-000095570)","CT-00145","A-04033","TH-00550","AA","19","10","102864","0.01","ZEARU2-GEN-0045","90.09","9.91","X17032-XXRP-ZA-0104","V04","2022-09-06","","","","Linked","2","5000.00","500.00","","","","","","","0.20","0.75","","","","","","","PROG","5","243 WAYS","50/100/150/250/500","500","1/2/3/5/10","10 Dynamic","","GAL 1320","No Reference","S04880","No Reference","V2.78-39","","Video","Inactive"
"429BB473-2E3E-48E6-B9BA-10C279A0E2AA","16115","SM-000016115","2025-09-26 11:49:09.250","2025-09-26 11:49:09.710","Paul Collins","Updated on 2025-09-26 11:49:10 Log key: (LT-000092623)","CT-00145","A-04035","TH-00546","AA","19","8","102862","0.01","ZEARU2-GEN-0036","92.06","7.94","X17006-XXRP-ZA-0104","V02 Prog 33","2022-09-06","","","","Linked","4","5000.00","500.00","25.00","10.00","","","","","0.50","0.50","0.75","1.50","","","","","PROG","5","243 WAYS","88/176/264/528/880","880","1/2/3/6/10","10 Dynamic","","GAL 10B2","No Reference","S04880","No Reference","V2.78-39","","Video","Inactive"
"F4FE017E-88B2-4238-8A5C-D5F58FCEA9E7","16116","SM-000016116","2025-09-26 11:49:09.250","2025-09-26 11:49:09.710","Paul Collins","Updated on 2025-09-26 11:49:10 Log key: (LT-000099048)","CT-00130","A-04037","TH-00546","3","3","4","15166","0.01","ZEARU2-GEN-0045","94.00","6.00","X17006-XXRP-ZA-0104","Variation 02","2021-10-11","","","","Linked","4","8888.00","888.00","50.00","20.00","","","","","0.50","0.50","0.50","1.50","","","","","PROG","5","243 ways","88/176/264/528/880","880","1/2/3/6/10","10 Dynamic","","GAL 10B2","No Reference","GURUSA210","No Reference","V2.78-51","","Video","Inactive"
"DF5BD539-7543-4B42-AA84-F5943AE9A771","16117","SM-000016117","2025-09-26 11:49:09.250","2025-09-26 11:49:09.710","Paul Collins","Updated on 2025-09-26 11:49:10 Log key: (LT-000100125)","CT-00130","A-04037","TH-00548","3","3","3","15475","0.01","ZEARU2-GEN-0064","","","X21P56-XXSP-ZA-0103","VAR 04","","","2023-07-25","","LINKED","2","","","","","","","","","","","","","","","","","PROG","5","HYPER SYMBOLS","50/100/150/250/500","500","1/2/3/5/10","","","GAL 1A55","No Reference","","No Reference","","","","Inactive"
"0D75FC89-EB3E-4D95-A6B4-22BF7A0A9D16","16118","SM-000016118","2025-09-26 11:49:09.250","2025-10-01 14:34:57.847","Paul Collins","Updated on 2025-10-01 14:34:57 Log key: (LT-000110682)","CT-00013","A-00854","TH-00515","3","19","1","100595","0.01","nan","88.02","11.98","nan","nan","2024-05-01","","","","nan","","","","","","","","","","","","","","","","","","","","","nan","","nan","","","nan","No Reference","","No Reference","","","","Active"
"DE8D37AE-F4EC-4393-9172-A1611CCFE5D3","16119","SM-000016119","2025-09-26 11:49:09.250","2025-09-26 11:49:09.710","Paul Collins","Updated on 2025-09-26 11:49:10 Log key: (LT-000097299)","CT-00092","A-06867","TH-02123","3","3","7","101955","0.01","ZEARU2-GEN-0053","92.19","7.81","X16P94-XXLP-ZA-0104","Var 04","2022-01-24","","2022-03-02","","Linked","3","1000.00","100.00","25.00","","","","","","0.20","0.30","0.50","","","","","","PROG","5","30","60/120/180/240/300","300","1/2/3/4/5","10 dynamic","","GAL 10EC","No Reference","S04880","BV-01","V2.53-38","","Video","Inactive"
"4B9AE548-96E9-4A32-B481-8D67AB33D8DE","16120","SM-000016120","2025-09-26 11:49:09.250","2025-09-26 11:49:09.710","Paul Collins","Updated on 2025-09-26 11:49:10 Log key: (LT-000096646)","CT-00145","A-04038","TH-00540","AA","19","7","102861","0.01","ZEARU2-GEN-0045","90.00","10.00","X17007-XXRP-ZA-0104","V02 Prog 33","2022-09-06","","","","Linked","4","5000.00","500.00","25.00","10.00","","","","","0.50","0.50","0.75","1.50","","","","","PROG","5","243 WAYS","88/176/264/528/880","880","1/2/3/6/10","10 Dynamic","","GAL 10B7","No Reference","S04880","No Reference","V2.78-39","","Video","Inactive"
"46545A0D-A135-4CCB-9983-DFA2C98405E8","16121","SM-000016121","2025-09-26 11:49:09.250","2025-09-26 11:49:09.710","Paul Collins","Updated on 2025-09-26 11:49:10 Log key: (LT-000099388)","CT-00130","A-04040","TH-00546","3","3","2","15164","0.01","ZEARU2-GEN-0045","94.00","6.00","X17006-XXRP-ZA-0104","Variation 02","2021-10-11","","","","Linked","4","8888.00","888.00","50.00","20.00","","","","","0.50","0.50","0.50","1.50","","","","","PROG","5","243 ways","88/176/264/528/880","880","1/2/3/6/10","10 Dynamic","","GAL 10B2","No Reference","GURUSA210","No Reference","V2.78-51","","Video","Inactive"
"FF1DF710-D3B8-47EF-8AFD-0AE3F79D8B28","16122","SM-000016122","2025-09-26 11:49:09.250","2025-09-26 11:49:09.710","Paul Collins","Updated on 2025-09-26 11:49:10 Log key: (LT-000092442)","CT-00130","A-04040","TH-00548","3","3","1","15473","0.01","ZEARU2-GEN-0064","","","X21P56-XXSP-ZA-0103","VAR 04","","","2023-07-25","","LINKED","2","","","","","","","","","","","","","","","","","PROG","5","HYPER SYMBOLS","50/100/150/250/500","500","1/2/3/5/10","","","GAL 1A55","No Reference","","No Reference","","","","Inactive"
"D5B1274E-902C-4CAE-97ED-624C7D1C3A2C","16135","SM-000016135","2025-09-26 11:49:09.250","2025-09-26 11:49:09.710","Paul Collins","Updated on 2025-09-26 11:49:10 Log key: (LT-000095215)","CT-00116","A-06872","TH-00511","7","12","2","104100","0.01","ZEARU2-GEN-0045","92.14","7.86","X17P24-XXLP-ZA-0101","Variation 04","2022-04-19","","","","Linked","4","1000.00","100.00","30.00","10.00","","","","","0.10","0.20","0.40","0.80","","","","","PROG","5","30","50/100/150/250/500","500","1/2/3/5/10","10 Dynamic","","GAL 12AF","No Reference","GURUSAG14","No Reference","V2.82-40","","Video","Inactive"
"078D885F-E60E-4692-A4A2-60627CD0024C","16136","SM-000016136","2025-09-26 11:49:09.250","2025-09-26 11:49:09.710","Paul Collins","Updated on 2025-09-26 11:49:10 Log key: (LT-000095157)","CT-00013","A-00858","TH-00511","3","19","6","100841","0.01","ZEARU2-GEN-0045","92.14","7.86","X17P24-XXLP-ZA-0101","VAR 04","2024-11-14","","","","LINKED","4","","","","","","","","","","","","","","","","","PROG","5","30","50/100/150/250/500","500","1/2/3/5/10","","","GAL 12AF","No Reference","","No Reference","","","","Inactive"
"99ED7D52-17B0-416F-9BDB-71279BAE3D48","16137","SM-000016137","2025-09-26 11:49:09.250","2025-09-26 11:49:09.710","Paul Collins","Updated on 2025-09-26 11:49:10 Log key: (LT-000095726)","CT-00087","A-07980","TH-00368","1","108","2","11082","0.01","V1206212123","","","(8046) R121994","2410","2023-08-29","","","","LINKED","4","","","","","","","","","","","","","","","","","PROG","5","243 ways","88/176/352/528/880","880","1/2/4/6/10","","","nan","No Reference","","No Reference","","","","Inactive"
"F583D000-D708-4D8A-BF83-85EE08866906","16138","SM-000016138","2025-09-26 11:49:09.250","2025-09-26 11:49:09.710","Paul Collins","Updated on 2025-09-26 11:49:10 Log key: (LT-000096406)","CT-00087","A-07980","TH-00364","1","108","2","11082","0.01","V0106232209","92.06","7.94","(9378) R96332","3105","","","2023-11-07","","LINKED","2","","","","","","","","","","","","","","","","","PROG","5","80","80/160/240/400/800","800","1/2/3/5/10","","","nan","No Reference","","No Reference","","","","Active"
"B5AE84BA-DC61-40BE-86D4-F3C5114CB4ED","16139","SM-000016139","2025-09-26 11:49:09.250","2025-09-26 11:49:09.710","Paul Collins","Updated on 2025-09-26 11:49:10 Log key: (LT-000100063)","CT-00139","A-03366","TH-00360","5","13","4","60908","0.01","V0930211407","90.09","9.91","(9123) r53097","2944","2022-06-13","","","","Stand Alone","4","10000.00","500.00","25.00","10.00","","","","","0.10","0.30","0.40","1.20","","","","","PROG","5","1024 ways","75/150/225/375/750","750","1/2/3/5/10","5 Static","","","PR-02","E001CAD0102","BV-01","V2.84-44","","Video","Inactive"
"365CAC42-A67C-436E-A854-871BF0586FDA","16140","SM-000016140","2025-09-26 11:49:09.250","2025-09-26 11:49:09.710","Paul Collins","Updated on 2025-09-26 11:49:10 Log key: (LT-000096440)","CT-00032","A-08045","TH-00516","","","","9131","0.01","nan","","","nan","nan","2024-05-01","","","","nan","","","","","","","","","","","","","","","","","","","","","nan","","nan","","","nan","No Reference","","No Reference","","","","Active"
"966B762A-15F0-438B-8C11-70A020F7FCAB","16141","SM-000016141","2025-09-26 11:49:09.250","2025-09-26 11:49:09.710","Paul Collins","Updated on 2025-09-26 11:49:10 Log key: (LT-000095705)","CT-00027","A-01627","TH-00513","1","1","3","6495","0.01","nan","90.35","9.65","nan","nan","2024-05-01","","","","nan","","","","","","","","","","","","","","","","","","","","","nan","","nan","","","nan","No Reference","","No Reference","","","","Inactive"
"439F1167-6B4A-4159-90C0-7526E6CB6741","16142","SM-000016142","2025-09-26 11:49:09.250","2025-09-26 11:49:09.710","Paul Collins","Updated on 2025-09-26 11:49:10 Log key: (LT-000095857)","CT-00027","A-01628","TH-00518","1","1","4","6498","0.01","nan","90.42","9.58","nan","nan","2024-05-01","","","","nan","","","","","","","","","","","","","","","","","","","","","nan","","nan","","","nan","No Reference","","No Reference","","","","Inactive"
"50D08AB2-2F89-451B-9D4D-0CE78B1D011B","16143","SM-000016143","2025-09-26 11:49:09.250","2025-09-26 11:49:09.710","Paul Collins","Updated on 2025-09-26 11:49:10 Log key: (LT-000092510)","CT-00139","A-03367","TH-00360","4","14","3","60900","0.01","V0930211407","90.09","9.91","(9123) r53097","2944","2022-06-13","","","","Stand Alone","4","10000.00","500.00","25.00","10.00","","","","","0.10","0.30","0.40","1.20","","","","","PROG","5","1024 ways","75/150/225/375/750","750","1/2/3/5/10","5 Static","","","PR-02","E001CAD0102","BV-01","V2.84-44","","Video","Inactive"
"D2CEBDEF-7B07-4DD8-9196-AE461EFB9B14","16144","SM-000016144","2025-09-26 11:49:09.250","2025-09-26 11:49:09.710","Paul Collins","Updated on 2025-09-26 11:49:10 Log key: (LT-000097721)","CT-00139","A-03367","TH-00364","S5","14","3","61094","0.01","V0919232026","93.03","6.97","(9378) R96332","3105","","","2024-04-25","","LINKED","2","","","","","","","","","","","","","","","","","PROG","5","40","80/160/240/400/800","800","1/2/3/5/10","","","nan","No Reference","","No Reference","","","","Inactive"
"2517AFC5-FF29-48FD-9CD6-632A2FE8F8B4","16145","SM-000016145","2025-09-26 11:49:09.250","2025-09-26 11:49:09.710","Paul Collins","Updated on 2025-09-26 11:49:10 Log key: (LT-000095252)","CT-00139","A-03368","TH-00360","4","14","4","60901","0.01","V0930211407","90.09","9.91","(9123) r53097","2944","2022-06-13","","","","Stand Alone","4","10000.00","500.00","25.00","10.00","","","","","0.10","0.30","0.40","1.20","","","","","PROG","5","1024 ways","75/150/225/375/750","750","1/2/3/5/10","5 Static","","","PR-02","E001CAD0102","BV-01","V2.84-44","","Video","Inactive"
"A5400F9C-0B1C-4859-88A3-C19139B19E4E","16146","SM-000016146","2025-09-26 11:49:09.250","2025-09-26 11:49:09.710","Paul Collins","Updated on 2025-09-26 11:49:10 Log key: (LT-000098381)","CT-00139","A-03368","TH-00365","S5","14","4","61095","0.01","V0919232026","93.03","6.97","(9379) R102810","3105","","","2024-04-25","","LINKED","2","","","","","","","","","","","","","","","","","PROG","5","40","80/160/240/400/800","800","1/2/3/5/10","","","nan","No Reference","","No Reference","","","","Inactive"
"3193B631-BEAB-4F64-AE5A-9CECD8B8ABC9","16147","SM-000016147","2025-09-26 11:49:09.250","2025-09-26 11:49:09.710","Paul Collins","Updated on 2025-09-26 11:49:10 Log key: (LT-000097151)","CT-00139","A-03369","TH-00360","S3","13","6","60924","0.01","V0930211407","90.09","9.91","(9123) r53097","(9123) r53097","2022-06-15","","","","Linked","4","10000.00","800.00","25.00","10.00","","","","","0.45","0.35","0.75","1.20","","","","","PROG","5","1024 ways","75/150/225/375/750","750","1/2/3/5/10","5 Static","","","PR-02","E001CAD0102","BV-01","V2.84-44","","Video","Inactive"
"2998B6BB-FDA5-41E9-8090-5834BE1706D1","16148","SM-000016148","2025-09-26 11:49:09.250","2025-09-26 11:49:09.710","Paul Collins","Updated on 2025-09-26 11:49:10 Log key: (LT-000094880)","CT-00139","A-03369","TH-00364","S3","13","6","61106","0.01","V0919232026","93.03","6.97","(9378) R96332","3105","","","2024-04-25","","LINKED","2","","","","","","","","","","","","","","","","","PROG","5","40","80/160/240/400/800","800","1/2/3/5/10","","","nan","No Reference","","No Reference","","","","Inactive"
"22DEECF1-E574-4306-9954-87C72AA93468","16162","SM-000016162","2025-09-26 11:49:09.250","2025-09-26 11:49:09.710","Paul Collins","Updated on 2025-09-26 11:49:10 Log key: (LT-000096466)","CT-00130","A-04021","TH-00493","3","3","9","15171","0.01","ZEARU2-GEN-0053","92.07","7.93","X15014-XXLN-ZA-0100","V04","2021-10-11","","","","","","","","","","","","","","","","","","","","","","30000","5","30","30/60/90/150/300","300","1/2/3/5/10","10 Dynamic","","GAL 0DE4","No Reference","GURUSA210","No Reference","V2.78-51","","Video","Inactive"
"869E1254-9FDC-45B5-905E-436E8427683C","16163","SM-000016163","2025-09-26 11:49:09.250","2025-09-26 11:49:09.710","Paul Collins","Updated on 2025-09-26 11:49:10 Log key: (LT-000094206)","CT-00049","A-03115","TH-00506","B","209","12","1155","0.01","ZEARU2-GEN-0045","94.09","5.91","X18P18-XXLP-ZA-0104","V06","2021-01-27","","","","Stand Alone","4","10000.00","500.00","50.00","20.00","","","","","","","","","","","","","","","","","","","Dynamic","","","No Reference","","BV-01","","","PLEX","Inactive"
"E3D1A785-6DC6-406A-A562-95A6CD9527C8","16164","SM-000016164","2025-09-26 11:49:09.250","2025-09-26 11:49:09.710","Paul Collins","Updated on 2025-09-26 11:49:10 Log key: (LT-000096926)","CT-00049","A-03115","TH-00505","B","209","12","23061","0.01","ZEARU2-GEN-0053","92.00","8.00","","VAR 04","","","2023-05-04","","SAP","4","","","","","","","","","","","","","","","","","N","5","30","50/100/150/250/500","$5.00","1/2/3/5/10","","","","No Reference","","No Reference","","","","Active"
"70008C40-47D6-4C90-BA36-C489B795E03E","16165","SM-000016165","2025-09-26 11:49:09.250","2025-09-26 11:49:09.710","Paul Collins","Updated on 2025-09-26 11:49:10 Log key: (LT-000098479)","CT-00032","A-08046","TH-00517","","","","9132","0.01","nan","","","nan","nan","2024-05-01","","","","nan","","","","","","","","","","","","","","","","","","","","","nan","","nan","","","nan","No Reference","","No Reference","","","","Active"
"4C8D31EB-0468-496C-895C-8DCB1CAEC62F","16166","SM-000016166","2025-09-26 11:49:09.250","2025-09-26 11:49:09.710","Paul Collins","Updated on 2025-09-26 11:49:10 Log key: (LT-000096662)","CT-00049","A-03114","TH-00507","B","209","11","1154","0.01","ZEARU2-GEN-0045","94.20","5.80","X18005-XXLP-ZA-0104","V06","2021-01-27","","","","Stand Alone","4","10000.00","500.00","50.00","20.00","","","","","","","","","","","","","","","","","","","Dynamic","","","No Reference","","No Reference","","","PLEX","Inactive"
"F5F2972E-308F-46AD-82A1-F29D9FFEA9F6","16167","SM-000016167","2025-09-26 11:49:09.250","2025-09-26 11:49:09.710","Paul Collins","Updated on 2025-09-26 11:49:10 Log key: (LT-000100031)","CT-00049","A-03114","TH-00504","B","209","11","23060","0.01","ZEARU2-GEN-0053","92.00","8.00","","VAR 04","","","2023-05-04","","SAP","4","","","","","","","","","","","","","","","","","N","5","30","50/100/150/250/500","$5.00","1/2/3/5/10","","","","No Reference","","No Reference","","","","Active"
"30EA66A4-A430-4E1B-8D6A-3778C9C88906","16168","SM-000016168","2025-09-26 11:49:09.250","2025-09-26 11:49:09.710","Paul Collins","Updated on 2025-09-26 11:49:10 Log key: (LT-000093818)","CT-00119","A-04066","TH-00511","1","7","2","102545","0.01","ZEARU2-GEN-0045","92.14","7.86","X17P24-XXLP-ZA-0101","Variation 04","2021-05-18","","","","Linked","","","","","","","","","","","","","","","","","","","","","","","","","","","No Reference","GURUSAG14","BV-09","520080407","","Video","Inactive"
"C6CD16CD-FF61-4D01-BB3F-BEDF4A7BE892","16169","SM-000016169","2025-09-26 11:49:09.250","2025-09-26 11:49:09.710","Paul Collins","Updated on 2025-09-26 11:49:10 Log key: (LT-000098274)","CT-00074","A-08170","TH-00547","7","3","3","4805","0.01","ZEARU2-GEN-0045","94.02","5.98","X17005-XXRP-ZA-0104","VAR 02 Prog 33","2022-10-17","2022-10-18","","","Linked","4","5000.00","500.00","25.00","10.00","","","","","0.50","0.50","0.75","1.50","","","","","PROG","5","243 Ways","88/176/264/528/880","880","1/2/3/6/10","10 Dynamic","","GAL 10AD","No Reference","GURUSA210","BV-01","V2.53-38","","Video","Inactive"
"1DA9DD02-20EC-4A0B-BDB6-A17C16B9CDDE","16170","SM-000016170","2025-09-26 11:49:09.250","2025-09-26 11:49:09.710","Paul Collins","Updated on 2025-09-26 11:49:10 Log key: (LT-000097305)","CT-00074","A-04002","TH-00542","7","3","5","4807","0.01","ZEARU2-GEN-0045","89.30","10.70","X17045-XXRP-ZA-0107","VAR 03 Prog 45","2022-10-17","2022-10-18","","","Linked","4","2000.00","500.00","40.00","20.00","","","","","0.10","0.15","0.50","1.00","","","","","PROG","5","243 Ways","50/100/150/250/500","500","1/2/3/5/10","10 Dynamic","","GAL 1357","No Reference","GURUSA210","BV-01","V2.53-38","","Video","Inactive"
"CDE4D44F-AAF9-4F1A-AB64-538B32295390","16171","SM-000016171","2025-09-26 11:49:09.250","2025-09-26 11:49:09.710","Paul Collins","Updated on 2025-09-26 11:49:10 Log key: (LT-000094723)","CT-00074","A-04006","TH-00540","7","3","4","4806","0.01","ZEARU2-GEN-0045","94.00","6.00","X17007-XXRP-ZA-0104","VAR 02 Prog 33","2022-10-17","2022-10-18","","","Linked","4","5000.00","500.00","25.00","10.00","","","","","0.50","0.50","0.75","1.50","","","","","PROG","5","243 Ways","88/176/264/528/880","880","1/2/3/6/10","10 Dynamic","","GAL 10B7","No Reference","GURUSA210","BV-01","V2.53-38","","Video","Inactive"
"4250AC60-2D72-41F2-90B1-F9EFE3B56474","16172","SM-000016172","2025-09-26 11:49:09.250","2025-09-26 11:49:09.710","Paul Collins","Updated on 2025-09-26 11:49:10 Log key: (LT-000100294)","CT-00111","A-04057","TH-00534","6","3","1","105066","0.01","","91.08","8.92","","","2020-11-05","","","","","","","","","","","","","","","","","","","","","","","","","","","","10 static","","","No Reference","GURUSA210","No Reference","V2.53-38","","Special","Inactive"
"15A24194-9E7D-4B74-923E-65F61CA70CDB","16173","SM-000016173","2025-09-26 11:49:09.250","2025-09-26 11:49:09.710","Paul Collins","Updated on 2025-09-26 11:49:10 Log key: (LT-000095357)","CT-00111","A-04058","TH-00535","6","3","2","105067","0.01","","91.08","8.92","","","2020-11-05","","","","","","","","","","","","","","","","","","","","","","","","","","","","10 static","","","No Reference","GURUSA210","No Reference","V2.53-38","","Special","Inactive"
"EA0D91D7-94FF-4BBF-985E-8A5A7DC56572","16174","SM-000016174","2025-09-26 11:49:09.250","2025-09-26 11:49:09.710","Paul Collins","Updated on 2025-09-26 11:49:10 Log key: (LT-000096554)","CT-00141","A-04075","TH-00529","5","G","1","5945","0.01","ZEARU2-GEN-0053","90.04","9.96","X19P39-XXLP-ZA-0100","Var 02 Prog 01","","","2022-09-13","","Linked","4","2500.00","500.00","50.00","25.00","","","","","0.10","0.25","0.40","0.85","","","","","PROG","5","99","100/200/300/400/500","500","1/2/3/4/5","10 Dynamic","","GAL 16A0","No Reference","S04880","No Reference","V2.78-39","","Video","Inactive"
"4F7BB0ED-613C-497D-AC56-ACCC0F0F9D38","16175","SM-000016175","2025-09-26 11:49:09.250","2025-09-26 11:49:09.710","Paul Collins","Updated on 2025-09-26 11:49:10 Log key: (LT-000097658)","CT-00141","A-04076","TH-00529","5","G","2","5946","0.01","ZEARU2-GEN-0053","90.04","9.96","X19P39-XXLP-ZA-0100","Var 02 Prog 01","","","2022-09-13","","Linked","4","2500.00","500.00","50.00","25.00","","","","","0.10","0.25","0.40","0.85","","","","","PROG","5","99","100/200/300/400/500","500","1/2/3/4/5","10 Dynamic","","GAL 16A0","No Reference","S04880","No Reference","V2.78-39","","Video","Inactive"
"9349A1E6-E173-4D26-A1A4-E5758EE9BA91","16188","SM-000016188","2025-09-26 11:49:09.250","2025-09-26 11:49:09.710","Paul Collins","Updated on 2025-09-26 11:49:10 Log key: (LT-000099583)","CT-00092","A-06499","TH-00504","3","71","7","900099","0.01","ZEARU2-GEN-0053","90.72","9.28","X16047-XXLP-ZA-0101","Var 04","","","2023-10-18","","SAP","4","","","","","","","","","","","","","","","","","PROG","5","30","100/200/300/400/500","500","1/2/3/4/5","","","GAL 106F","No Reference","","No Reference","","","","Active"
"B66FC4B5-B448-426F-BC6B-2651EF7D0F3B","16189","SM-000016189","2025-09-26 11:49:09.250","2025-09-26 11:49:09.710","Paul Collins","Updated on 2025-09-26 11:49:10 Log key: (LT-000093292)","CT-00027","A-01630","TH-00534","1","1","7","6500","0.01","nan","90.38","9.62","nan","nan","2024-05-01","","","","nan","","","","","","","","","","","","","","","","","","","","","nan","","nan","","","nan","No Reference","","No Reference","","","","Active"
"A4E25E02-18EA-4375-B670-CF0BAAF23972","16190","SM-000016190","2025-09-26 11:49:09.250","2025-09-26 11:49:09.710","Paul Collins","Updated on 2025-09-26 11:49:10 Log key: (LT-000098815)","CT-00027","A-01631","TH-00535","1","1","8","6499","0.01","nan","90.38","9.62","nan","nan","2024-05-01","","","","nan","","","","","","","","","","","","","","","","","","","","","nan","","nan","","","nan","No Reference","","No Reference","","","","Active"
"D352D1F3-F765-4980-A3C5-3ADE26E3AAA0","16191","SM-000016191","2025-09-26 11:49:09.250","2025-09-26 11:49:09.710","Paul Collins","Updated on 2025-09-26 11:49:10 Log key: (LT-000093926)","CT-00141","A-04081","TH-00525","5","G","7","5951","0.01","ZEARU2-GEN-0053","90.14","9.86","X19P73-XXRP-ZA-0103","Var 02 Prog 01","","","2022-09-13","","Stand Alone","5","2000.00","800.00","200.00","25.00","10.00","","","","0.10","0.20","0.30","0.40","0.50","","","","PROG","5","1024","88/176/264/440/880","880","1/2/3/5/10","10 Dynamic","","GAL 1867","No Reference","S04880","No Reference","V2.78-39","","Video","Inactive"
"F31CEEFD-8CDE-480D-99BF-BDF30930F818","16192","SM-000016192","2025-09-26 11:49:09.250","2025-09-26 11:49:09.710","Paul Collins","Updated on 2025-09-26 11:49:10 Log key: (LT-000098248)","CT-00141","A-04082","TH-00525","5","G","8","5952","0.01","ZEARU2-GEN-0053","90.14","9.86","X19P73-XXRP-ZA-0103","Var 02 Prog 01","","","2022-09-13","","Stand Alone","5","2000.00","800.00","200.00","25.00","10.00","","","","0.10","0.20","0.30","0.40","0.50","","","","PROG","5","1024","88/176/264/440/880","880","1/2/3/5/10","10 Dynamic","","GAL 1867","No Reference","S04880","No Reference","V2.78-39","","Video","Inactive"