"uuid","index_key","reference_key","timestamp","update_by","table_name","log_id","change_log"
"317E31F6-B079-4366-9A95-5A7F8E8E878D","22","LT-000000022","2025-06-17 14:34:23.656","Paul Collins","order_detail","6D430676-DAD2-4FF4-9ACC-EEDFE079A231","{""index_key"":14,""insert_date"":""2025-06-17T14:34:23.647"",""update_date"":""2025-06-17T14:34:05"",""update_by"":""Paul Collins"",""sales_order_key"":""SO-000201"",""vendor"":""AGS"",""cabinet"":""Spectra 49"",""theme"":""Pug Pays"",""price"":15000,""quantity"":2}"
"7C57E6C9-1C18-45A3-AD50-497DFBD818BB","23","LT-000000023","2025-06-17 14:58:13.236","Paul Collins","order_detail","0159CA7B-7D18-4CA1-9A16-20AB1ABEFA5F","{""before_values"":""{\""uuid\"":\""0159CA7B-7D18-4CA1-9A16-20AB1ABEFA5F\"",\""index_key\"":14,\""reference_key\"":\""DT-0000014\"",\""insert_date\"":\""2025-06-17T14:34:23.647\"",\""update_date\"":\""2025-06-17T14:34:05\"",\""update_by\"":\""Paul Collins\"",\""change_log\"":\""Created on 2025-06-17 14:34:23\"",\""sales_order_key\"":\""SO-000201\"",\""vendor\"":\""AGS\"",\""cabinet\"":\""Spectra 49\"",\""theme\"":\""Pug Pays\"",\""price\"":15000,\""quantity\"":2}"",""after_values"":""{\""uuid\"":\""0159CA7B-7D18-4CA1-9A16-20AB1ABEFA5F\"",\""index_key\"":14,\""reference_key\"":\""DT-0000014\"",\""insert_date\"":\""2025-06-17T14:34:23.647\"",\""update_date\"":\""2025-06-17T14:57:39\"",\""update_by\"":\""Paul Collins\"",\""change_log\"":\""Created on 2025-06-17 14:34:23\"",\""sales_order_key\"":\""SO-000201\"",\""vendor\"":\""AGS (Premium)\"",\""cabinet\"":\""Spectra 43\"",\""theme\"":\""Long Fu Zhu\"",\""price\"":12500,\""quantity\"":4}""}"
"04B2A9A0-90E3-43F6-B421-797938B0AD50","24","LT-000000024","2025-06-17 15:03:17.933","Paul Collins","order_detail","0159CA7B-7D18-4CA1-9A16-20AB1ABEFA5F","{""before_values"":""{\""uuid\"":\""0159CA7B-7D18-4CA1-9A16-20AB1ABEFA5F\"",\""index_key\"":14,\""reference_key\"":\""DT-0000014\"",\""insert_date\"":\""2025-06-17T14:34:23.647\"",\""update_date\"":\""2025-06-17T14:57:39\"",\""update_by\"":\""Paul Collins\"",\""change_log\"":\""Created on 2025-06-17 14:34:23\"",\""sales_order_key\"":\""SO-000201\"",\""vendor\"":\""AGS (Premium)\"",\""cabinet\"":\""Spectra 43\"",\""theme\"":\""Long Fu Zhu\"",\""price\"":12500,\""quantity\"":4}"",""after_values"":""{\""uuid\"":\""0159CA7B-7D18-4CA1-9A16-20AB1ABEFA5F\"",\""index_key\"":14,\""reference_key\"":\""DT-0000014\"",\""insert_date\"":\""2025-06-17T14:34:23.647\"",\""update_date\"":\""2025-06-17T15:03:08\"",\""update_by\"":\""Paul Collins\"",\""change_log\"":\""Created on 2025-06-17 14:34:23\"",\""sales_order_key\"":\""SO-000201\"",\""vendor\"":\""AGS (Premium)\"",\""cabinet\"":\""Spectra 43\"",\""theme\"":\""Pug Pays\"",\""price\"":12500,\""quantity\"":4}""}"
"99F53E6D-7841-4454-B25D-4E1272E1F2E9","26","LT-000000026","2025-06-17 15:11:00.206","Garrett Aposhian","order_detail","EB214280-B0A1-4DFA-A900-3CD6FA2D6F7F","{""before_values"":""{\""index_key\"":15,\""insert_date\"":\""2025-06-17T15:11:00.203\"",\""update_date\"":\""2025-06-17T15:10:39\"",\""update_by\"":\""Garrett Aposhian\"",\""sales_order_key\"":\""SO-000202\"",\""vendor\"":\""ags\"",\""cabinet\"":\""Stuff\"",\""theme\"":\""other stuff\"",\""price\"":20000,\""quantity\"":2}"",""after_values"":""{\""uuid\"":\""EB214280-B0A1-4DFA-A900-3CD6FA2D6F7F\"",\""index_key\"":15,\""insert_date\"":\""2025-06-17T15:11:00.203\"",\""update_date\"":\""2025-06-17T15:10:39\"",\""update_by\"":\""Garrett Aposhian\"",\""sales_order_key\"":\""SO-000202\"",\""vendor\"":\""ags\"",\""cabinet\"":\""Stuff\"",\""theme\"":\""other stuff\"",\""price\"":20000,\""quantity\"":2}""}"
"DA9C0CB1-72CD-4AF6-8645-9057A5F9C193","29","LT-000000029","2025-06-17 15:11:30.540","Garrett Aposhian","order_detail","2B09BC17-4970-4D10-9CDC-9C6B614619E9","{""before_values"":""{\""index_key\"":16,\""insert_date\"":\""2025-06-17T15:11:30.540\"",\""update_date\"":\""2025-06-17T15:11:04\"",\""update_by\"":\""Garrett Aposhian\"",\""sales_order_key\"":\""SO-000202\"",\""vendor\"":\""Aruze\"",\""cabinet\"":\""Stuff 2\"",\""theme\"":\""Other Stuff 2\"",\""price\"":25995,\""quantity\"":2}"",""after_values"":""{\""uuid\"":\""2B09BC17-4970-4D10-9CDC-9C6B614619E9\"",\""index_key\"":16,\""insert_date\"":\""2025-06-17T15:11:30.540\"",\""update_date\"":\""2025-06-17T15:11:04\"",\""update_by\"":\""Garrett Aposhian\"",\""sales_order_key\"":\""SO-000202\"",\""vendor\"":\""Aruze\"",\""cabinet\"":\""Stuff 2\"",\""theme\"":\""Other Stuff 2\"",\""price\"":25995,\""quantity\"":2}""}"
"47628703-8B35-453B-89BD-0C9651AB68A9","6047","LT-000006047","2025-06-24 09:32:44.963","System","states","3444630F-BA90-4FBB-B6F0-63CD41CB746D","Created on 2025-06-24 09:32:44"
"12CDD461-9DB3-4583-AB40-E2B4607734A2","6048","LT-000006048","2025-06-24 09:32:44.963","System","states","1F122D61-702E-48E6-9790-BB63C62332C6","Created on 2025-06-24 09:32:44"
"FE2DD4DA-F4E4-4CD5-ADA4-10EAAC42A029","6049","LT-000006049","2025-06-24 09:32:44.963","System","states","F73C1EEC-A3F2-4403-A9D8-2BCFF06FF3ED","Created on 2025-06-24 09:32:44"
"68D9668D-B28C-46F5-B2BA-7962206E2C29","25","LT-000000025","2025-06-17 15:05:26.486","Paul Collins","order_detail","0159CA7B-7D18-4CA1-9A16-20AB1ABEFA5F","{""before_values"":""{\""uuid\"":\""0159CA7B-7D18-4CA1-9A16-20AB1ABEFA5F\"",\""index_key\"":14,\""reference_key\"":\""DT-0000014\"",\""insert_date\"":\""2025-06-17T14:34:23.647\"",\""update_date\"":\""2025-06-17T15:03:08\"",\""update_by\"":\""Paul Collins\"",\""change_log\"":\""Created on 2025-06-17 14:34:23\"",\""sales_order_key\"":\""SO-000201\"",\""vendor\"":\""AGS (Premium)\"",\""cabinet\"":\""Spectra 43\"",\""theme\"":\""Pug Pays\"",\""price\"":12500,\""quantity\"":4}"",""after_values"":""{\""uuid\"":\""0159CA7B-7D18-4CA1-9A16-20AB1ABEFA5F\"",\""index_key\"":14,\""reference_key\"":\""DT-0000014\"",\""insert_date\"":\""2025-06-17T14:34:23.647\"",\""update_date\"":\""2025-06-17T15:05:15\"",\""update_by\"":\""Paul Collins\"",\""change_log\"":\""Created on 2025-06-17 14:34:23\"",\""sales_order_key\"":\""SO-000201\"",\""vendor\"":\""AGS (Core)\"",\""cabinet\"":\""Spectra 49\"",\""theme\"":\""Pug Pays\"",\""price\"":12500,\""quantity\"":4}""}"
"88C88F56-21E6-4429-9972-4624312483AB","27","LT-000000027","2025-06-17 15:11:00.206","Garrett Aposhian","order_detail","EB214280-B0A1-4DFA-A900-3CD6FA2D6F7F","{""before_values"":""{\""uuid\"":\""EB214280-B0A1-4DFA-A900-3CD6FA2D6F7F\"",\""index_key\"":15,\""insert_date\"":\""2025-06-17T15:11:00.203\"",\""update_date\"":\""2025-06-17T15:10:39\"",\""update_by\"":\""Garrett Aposhian\"",\""change_log\"":\""Updated on 2025-06-17 15:11:00 Log key: (LT-000000026)\"",\""sales_order_key\"":\""SO-000202\"",\""vendor\"":\""ags\"",\""cabinet\"":\""Stuff\"",\""theme\"":\""other stuff\"",\""price\"":20000,\""quantity\"":2}"",""after_values"":""{\""uuid\"":\""EB214280-B0A1-4DFA-A900-3CD6FA2D6F7F\"",\""index_key\"":15,\""reference_key\"":\""DT-0000015\"",\""insert_date\"":\""2025-06-17T15:11:00.203\"",\""update_date\"":\""2025-06-17T15:10:39\"",\""update_by\"":\""Garrett Aposhian\"",\""change_log\"":\""Created on 2025-06-17 15:11:00\"",\""sales_order_key\"":\""SO-000202\"",\""vendor\"":\""ags\"",\""cabinet\"":\""Stuff\"",\""theme\"":\""other stuff\"",\""price\"":20000,\""quantity\"":2}""}"
"92ACF047-CF52-46E2-8B9B-84D82925E532","28","LT-000000028","2025-06-17 15:11:00.206","Garrett Aposhian","order_detail","4277FA0F-2BBB-4DC1-BCD9-3F2E101C2091","{""index_key"":15,""insert_date"":""2025-06-17T15:11:00.203"",""update_date"":""2025-06-17T15:10:39"",""update_by"":""Garrett Aposhian"",""sales_order_key"":""SO-000202"",""vendor"":""ags"",""cabinet"":""Stuff"",""theme"":""other stuff"",""price"":20000,""quantity"":2}"
"B163CD09-4A6F-46BA-B4B5-A103DDC95741","32","LT-000000032","2025-06-17 15:17:57.243","Garrett Aposhian","order_detail","98C873EC-470F-46F0-989F-7CC423F41357","{""before_values"":""{\""index_key\"":17,\""insert_date\"":\""2025-06-17T15:17:57.243\"",\""update_date\"":\""2025-06-17T15:17:43\"",\""update_by\"":\""Garrett Aposhian\"",\""sales_order_key\"":\""SO-000203\"",\""vendor\"":\""AGS\"",\""cabinet\"":\""Stuff\"",\""theme\"":\""STUFF2\"",\""price\"":20000,\""quantity\"":5}"",""after_values"":""{\""uuid\"":\""98C873EC-470F-46F0-989F-7CC423F41357\"",\""index_key\"":17,\""insert_date\"":\""2025-06-17T15:17:57.243\"",\""update_date\"":\""2025-06-17T15:17:43\"",\""update_by\"":\""Garrett Aposhian\"",\""sales_order_key\"":\""SO-000203\"",\""vendor\"":\""AGS\"",\""cabinet\"":\""Stuff\"",\""theme\"":\""STUFF2\"",\""price\"":20000,\""quantity\"":5}""}"
"A50A4472-BE7E-4B4E-8A41-19985DCF7EF6","36","LT-000000036","2025-06-17 15:23:11.606","Paul Collins","order_detail","1BD1C329-5BEF-4612-8005-2EC42BCC1A7C","{""before_values"":""{\""uuid\"":\""1BD1C329-5BEF-4612-8005-2EC42BCC1A7C\"",\""index_key\"":13,\""reference_key\"":\""DT-0000013\"",\""insert_date\"":\""2025-06-16T16:02:10.837\"",\""update_date\"":\""2025-06-16T16:02:01\"",\""update_by\"":\""Haley Hoagland\"",\""sales_order_key\"":\""LO-000200\"",\""vendor\"":\""2\"",\""cabinet\"":\""2\"",\""theme\"":\""2\"",\""price\"":2}"",""after_values"":""{\""uuid\"":\""1BD1C329-5BEF-4612-8005-2EC42BCC1A7C\"",\""index_key\"":13,\""reference_key\"":\""DT-0000013\"",\""insert_date\"":\""2025-06-16T16:02:10.837\"",\""update_date\"":\""2025-06-17T15:23:08\"",\""update_by\"":\""Paul Collins\"",\""sales_order_key\"":\""LO-000200\"",\""vendor\"":\""2\"",\""cabinet\"":\""2\"",\""theme\"":\""2\"",\""price\"":2,\""quantity\"":5}""}"
"76660DD0-09AC-49AE-AF2F-E2285DC6EB92","6056","LT-000006056","2025-06-24 09:32:44.963","System","states","37BDABC6-741D-4A69-B718-2C077970B3D4","Created on 2025-06-24 09:32:44"
"3F25523B-028B-4554-A896-8E7521E5BB35","6441","LT-000006441","2025-06-27 14:42:58.530","Paul Collins","emplyee","69A16AE5-B191-4C4D-859E-96E54D7D4931","Initial Upload2025-06-27 14:42:58"
"A5329A76-2731-4FE3-8765-A52373F03F82","6442","LT-000006442","2025-06-27 14:42:58.530","Paul Collins","emplyee","030A4299-47BE-4BF4-B7A6-A6AC34BAC5B3","Initial Upload2025-06-27 14:42:58"
"DF40EA4D-72AC-4155-8B89-975AFBDF1EF1","30","LT-000000030","2025-06-17 15:11:30.540","Garrett Aposhian","order_detail","2B09BC17-4970-4D10-9CDC-9C6B614619E9","{""before_values"":""{\""uuid\"":\""2B09BC17-4970-4D10-9CDC-9C6B614619E9\"",\""index_key\"":16,\""insert_date\"":\""2025-06-17T15:11:30.540\"",\""update_date\"":\""2025-06-17T15:11:04\"",\""update_by\"":\""Garrett Aposhian\"",\""change_log\"":\""Updated on 2025-06-17 15:11:30 Log key: (LT-000000029)\"",\""sales_order_key\"":\""SO-000202\"",\""vendor\"":\""Aruze\"",\""cabinet\"":\""Stuff 2\"",\""theme\"":\""Other Stuff 2\"",\""price\"":25995,\""quantity\"":2}"",""after_values"":""{\""uuid\"":\""2B09BC17-4970-4D10-9CDC-9C6B614619E9\"",\""index_key\"":16,\""reference_key\"":\""DT-0000016\"",\""insert_date\"":\""2025-06-17T15:11:30.540\"",\""update_date\"":\""2025-06-17T15:11:04\"",\""update_by\"":\""Garrett Aposhian\"",\""change_log\"":\""Created on 2025-06-17 15:11:30\"",\""sales_order_key\"":\""SO-000202\"",\""vendor\"":\""Aruze\"",\""cabinet\"":\""Stuff 2\"",\""theme\"":\""Other Stuff 2\"",\""price\"":25995,\""quantity\"":2}""}"
"4500AFD3-127B-4840-BC39-D417BA734EC4","31","LT-000000031","2025-06-17 15:11:30.540","Garrett Aposhian","order_detail","95BE6D84-24B0-46BF-9FDB-38660D830A3F","{""index_key"":16,""insert_date"":""2025-06-17T15:11:30.540"",""update_date"":""2025-06-17T15:11:04"",""update_by"":""Garrett Aposhian"",""sales_order_key"":""SO-000202"",""vendor"":""Aruze"",""cabinet"":""Stuff 2"",""theme"":""Other Stuff 2"",""price"":25995,""quantity"":2}"
"5E75353A-3859-475C-8775-0919BC33EC32","35","LT-000000035","2025-06-17 15:23:02.680","Paul Collins","order_detail","56AA04A4-115C-4046-8EE2-DEC82FCAD748","{""before_values"":""{\""uuid\"":\""56AA04A4-115C-4046-8EE2-DEC82FCAD748\"",\""index_key\"":12,\""reference_key\"":\""DT-0000012\"",\""insert_date\"":\""2025-06-16T16:01:50.193\"",\""update_date\"":\""2025-06-16T16:01:00\"",\""update_by\"":\""Haley Hoagland\"",\""sales_order_key\"":\""LO-000200\"",\""vendor\"":\""ags\"",\""cabinet\"":\""cabinet\"",\""theme\"":\""theme\"",\""price\"":4}"",""after_values"":""{\""uuid\"":\""56AA04A4-115C-4046-8EE2-DEC82FCAD748\"",\""index_key\"":12,\""reference_key\"":\""DT-0000012\"",\""insert_date\"":\""2025-06-16T16:01:50.193\"",\""update_date\"":\""2025-06-17T15:22:59\"",\""update_by\"":\""Paul Collins\"",\""sales_order_key\"":\""LO-000200\"",\""vendor\"":\""ags\"",\""cabinet\"":\""cabinet\"",\""theme\"":\""theme\"",\""price\"":4,\""quantity\"":5}""}"
"BF1B4D70-D9D4-4F40-AB9A-AA3B25EAD7CB","37","LT-000000037","2025-06-17 15:24:50.440","Garrett Aposhian","order_detail","E05B1F53-33AE-4D09-A7A5-57EA7872FCBE","{""before_values"":""{\""index_key\"":18,\""insert_date\"":\""2025-06-17T15:24:50.440\"",\""update_date\"":\""2025-06-17T15:18:00\"",\""update_by\"":\""Garrett Aposhian\"",\""sales_order_key\"":\""SO-000203\"",\""vendor\"":\""Aruze\"",\""cabinet\"":\""Muso 55\"",\""theme\"":\""TTP2\"",\""price\"":20000,\""quantity\"":6}"",""after_values"":""{\""uuid\"":\""E05B1F53-33AE-4D09-A7A5-57EA7872FCBE\"",\""index_key\"":18,\""insert_date\"":\""2025-06-17T15:24:50.440\"",\""update_date\"":\""2025-06-17T15:18:00\"",\""update_by\"":\""Garrett Aposhian\"",\""sales_order_key\"":\""SO-000203\"",\""vendor\"":\""Aruze\"",\""cabinet\"":\""Muso 55\"",\""theme\"":\""TTP2\"",\""price\"":20000,\""quantity\"":6}""}"
"7C32587C-5965-48BF-9763-CF7F3D3D25F4","39","LT-000000039","2025-06-17 15:24:50.440","Garrett Aposhian","order_detail","DA77BF24-69CB-46BB-96D9-698D2E634209","{""index_key"":18,""insert_date"":""2025-06-17T15:24:50.440"",""update_date"":""2025-06-17T15:18:00"",""update_by"":""Garrett Aposhian"",""sales_order_key"":""SO-000203"",""vendor"":""Aruze"",""cabinet"":""Muso 55"",""theme"":""TTP2"",""price"":20000,""quantity"":6}"
"59274265-AF42-45F9-A96A-7C53EDC1065A","33","LT-000000033","2025-06-17 15:17:57.246","Garrett Aposhian","order_detail","98C873EC-470F-46F0-989F-7CC423F41357","{""before_values"":""{\""uuid\"":\""98C873EC-470F-46F0-989F-7CC423F41357\"",\""index_key\"":17,\""insert_date\"":\""2025-06-17T15:17:57.243\"",\""update_date\"":\""2025-06-17T15:17:43\"",\""update_by\"":\""Garrett Aposhian\"",\""change_log\"":\""Updated on 2025-06-17 15:17:57 Log key: (LT-000000032)\"",\""sales_order_key\"":\""SO-000203\"",\""vendor\"":\""AGS\"",\""cabinet\"":\""Stuff\"",\""theme\"":\""STUFF2\"",\""price\"":20000,\""quantity\"":5}"",""after_values"":""{\""uuid\"":\""98C873EC-470F-46F0-989F-7CC423F41357\"",\""index_key\"":17,\""reference_key\"":\""DT-0000017\"",\""insert_date\"":\""2025-06-17T15:17:57.243\"",\""update_date\"":\""2025-06-17T15:17:43\"",\""update_by\"":\""Garrett Aposhian\"",\""change_log\"":\""Created on 2025-06-17 15:17:57\"",\""sales_order_key\"":\""SO-000203\"",\""vendor\"":\""AGS\"",\""cabinet\"":\""Stuff\"",\""theme\"":\""STUFF2\"",\""price\"":20000,\""quantity\"":5}""}"
"D5884E28-EBCF-4E3B-AACE-6B15144083F1","34","LT-000000034","2025-06-17 15:17:57.246","Garrett Aposhian","order_detail","FAF156DA-8E72-4523-9699-D1F8DE9B1A0C","{""index_key"":17,""insert_date"":""2025-06-17T15:17:57.243"",""update_date"":""2025-06-17T15:17:43"",""update_by"":""Garrett Aposhian"",""sales_order_key"":""SO-000203"",""vendor"":""AGS"",""cabinet"":""Stuff"",""theme"":""STUFF2"",""price"":20000,""quantity"":5}"
"C829310B-1E6E-4584-8E8D-9956BFFEDCE1","38","LT-000000038","2025-06-17 15:24:50.440","Garrett Aposhian","order_detail","E05B1F53-33AE-4D09-A7A5-57EA7872FCBE","{""before_values"":""{\""uuid\"":\""E05B1F53-33AE-4D09-A7A5-57EA7872FCBE\"",\""index_key\"":18,\""insert_date\"":\""2025-06-17T15:24:50.440\"",\""update_date\"":\""2025-06-17T15:18:00\"",\""update_by\"":\""Garrett Aposhian\"",\""change_log\"":\""Updated on 2025-06-17 15:24:50 Log key: (LT-000000037)\"",\""sales_order_key\"":\""SO-000203\"",\""vendor\"":\""Aruze\"",\""cabinet\"":\""Muso 55\"",\""theme\"":\""TTP2\"",\""price\"":20000,\""quantity\"":6}"",""after_values"":""{\""uuid\"":\""E05B1F53-33AE-4D09-A7A5-57EA7872FCBE\"",\""index_key\"":18,\""reference_key\"":\""DT-0000018\"",\""insert_date\"":\""2025-06-17T15:24:50.440\"",\""update_date\"":\""2025-06-17T15:18:00\"",\""update_by\"":\""Garrett Aposhian\"",\""change_log\"":\""Created on 2025-06-17 15:24:50\"",\""sales_order_key\"":\""SO-000203\"",\""vendor\"":\""Aruze\"",\""cabinet\"":\""Muso 55\"",\""theme\"":\""TTP2\"",\""price\"":20000,\""quantity\"":6}""}"
"1EB6B4A6-CC32-47D6-90EC-22F77DC01673","40","LT-000000040","2025-06-17 16:43:28.310","Paul Collins","sales_order","DF4AED0E-4F4B-4BF0-8DD8-AE748663A97B","{""before_values"":""{\""uuid\"":\""DF4AED0E-4F4B-4BF0-8DD8-AE748663A97B\"",\""index_key\"":204,\""reference_key\"":\""SO-000204\"",\""insert_date\"":\""2025-06-17T15:28:48\"",\""update_date\"":\""2025-06-17T15:28:54.483\"",\""update_by\"":\""Garrett Aposhian\"",\""event_type\"":\""Sales Order\"",\""status\"":\""creating\"",\""casino_name\"":\""Thunderbird Casino: Shawnee\"",\""casino_id\"":\""CT-038\"",\""employee_full_name\"":\""Chad Flowers\"",\""employee_id\"":\""EMP-000005\""}"",""after_values"":""{\""uuid\"":\""DF4AED0E-4F4B-4BF0-8DD8-AE748663A97B\"",\""index_key\"":204,\""reference_key\"":\""LO-000204\"",\""insert_date\"":\""2025-06-17T15:28:48\"",\""update_date\"":\""2025-06-17T16:43:22\"",\""update_by\"":\""Paul Collins\"",\""event_type\"":\""Lease Order\"",\""status\"":\""creating\"",\""casino_name\"":\""Thunderbird Casino: Shawnee\"",\""casino_id\"":\""CT-038\"",\""employee_full_name\"":\""Chad Flowers\"",\""employee_id\"":\""EMP-000005\""}""}"
"64AAFD4E-3C76-4386-84B0-5BCAE5757CE3","41","LT-000000041","2025-06-18 14:36:48.980","Paul Collins","vendors","C534F620-353D-4613-A2BE-4A162E454889","{""before_values"":""{\""uuid\"":\""C534F620-353D-4613-A2BE-4A162E454889\"",\""index_key\"":23,\""insert_date\"":\""2025-06-18T14:36:48.957\"",\""update_date\"":\""2025-06-18T14:36:48.957\"",\""update_by\"":\""Paul Collins\"",\""vendor_name\"":\""SpinTec\""}"",""after_values"":""{\""uuid\"":\""C534F620-353D-4613-A2BE-4A162E454889\"",\""index_key\"":23,\""reference_key\"":\""VT-023\"",\""insert_date\"":\""2025-06-18T14:36:48.957\"",\""update_date\"":\""2025-06-18T14:36:48.957\"",\""update_by\"":\""Paul Collins\"",\""change_log\"":\""Created on 2025-06-18 14:36:48\"",\""vendor_name\"":\""SpinTec\""}""}"
"7F091CB6-C99F-4549-AB75-94CE92747587","42","LT-000000042","2025-06-18 14:36:48.980","Paul Collins","vendors","F6EED6D3-3CD2-4358-9C67-83C172E4A10A","{""before_values"":""{\""uuid\"":\""F6EED6D3-3CD2-4358-9C67-83C172E4A10A\"",\""index_key\"":22,\""insert_date\"":\""2025-06-18T14:36:48.957\"",\""update_date\"":\""2025-06-18T14:36:48.957\"",\""update_by\"":\""Paul Collins\"",\""vendor_name\"":\""Everi\""}"",""after_values"":""{\""uuid\"":\""F6EED6D3-3CD2-4358-9C67-83C172E4A10A\"",\""index_key\"":22,\""reference_key\"":\""VT-022\"",\""insert_date\"":\""2025-06-18T14:36:48.957\"",\""update_date\"":\""2025-06-18T14:36:48.957\"",\""update_by\"":\""Paul Collins\"",\""change_log\"":\""Created on 2025-06-18 14:36:48\"",\""vendor_name\"":\""Everi\""}""}"
"F7497FE1-C3A4-49CB-B840-5E2C36DAEB09","58370","LT-000058370","2025-07-22 19:46:34.230","System","states","929FBCBE-D87C-4D3B-8DDF-D0067BCDC9D0","Created on 2025-07-22 19:46:34"
"8EA32143-5D24-4D46-A7D2-EB6C6D7B5CCA","43","LT-000000043","2025-06-18 14:36:48.980","Paul Collins","vendors","3B2E1A95-6847-4779-9862-17BE30E0B088","{""before_values"":""{\""uuid\"":\""3B2E1A95-6847-4779-9862-17BE30E0B088\"",\""index_key\"":21,\""insert_date\"":\""2025-06-18T14:36:48.957\"",\""update_date\"":\""2025-06-18T14:36:48.957\"",\""update_by\"":\""Paul Collins\"",\""vendor_name\"":\""Eclipse\""}"",""after_values"":""{\""uuid\"":\""3B2E1A95-6847-4779-9862-17BE30E0B088\"",\""index_key\"":21,\""reference_key\"":\""VT-021\"",\""insert_date\"":\""2025-06-18T14:36:48.957\"",\""update_date\"":\""2025-06-18T14:36:48.957\"",\""update_by\"":\""Paul Collins\"",\""change_log\"":\""Created on 2025-06-18 14:36:48\"",\""vendor_name\"":\""Eclipse\""}""}"
"FB8A4C13-9ADF-4122-BFC8-67640504DFAA","44","LT-000000044","2025-06-18 14:36:48.980","Paul Collins","vendors","0F8DB302-F1F5-4961-ACD8-DC375C2CAD8D","{""before_values"":""{\""uuid\"":\""0F8DB302-F1F5-4961-ACD8-DC375C2CAD8D\"",\""index_key\"":20,\""insert_date\"":\""2025-06-18T14:36:48.957\"",\""update_date\"":\""2025-06-18T14:36:48.957\"",\""update_by\"":\""Paul Collins\"",\""vendor_name\"":\""Synergy Blue\""}"",""after_values"":""{\""uuid\"":\""0F8DB302-F1F5-4961-ACD8-DC375C2CAD8D\"",\""index_key\"":20,\""reference_key\"":\""VT-020\"",\""insert_date\"":\""2025-06-18T14:36:48.957\"",\""update_date\"":\""2025-06-18T14:36:48.957\"",\""update_by\"":\""Paul Collins\"",\""change_log\"":\""Created on 2025-06-18 14:36:48\"",\""vendor_name\"":\""Synergy Blue\""}""}"
"940A4EC1-F298-4C3D-8461-9EA9D79D2C91","45","LT-000000045","2025-06-18 14:36:48.980","Paul Collins","vendors","ED3D5BFD-AD14-4A84-8474-97A6411863F9","{""before_values"":""{\""uuid\"":\""ED3D5BFD-AD14-4A84-8474-97A6411863F9\"",\""index_key\"":19,\""insert_date\"":\""2025-06-18T14:36:48.957\"",\""update_date\"":\""2025-06-18T14:36:48.957\"",\""update_by\"":\""Paul Collins\"",\""vendor_name\"":\""Castle Hill\""}"",""after_values"":""{\""uuid\"":\""ED3D5BFD-AD14-4A84-8474-97A6411863F9\"",\""index_key\"":19,\""reference_key\"":\""VT-019\"",\""insert_date\"":\""2025-06-18T14:36:48.957\"",\""update_date\"":\""2025-06-18T14:36:48.957\"",\""update_by\"":\""Paul Collins\"",\""change_log\"":\""Created on 2025-06-18 14:36:48\"",\""vendor_name\"":\""Castle Hill\""}""}"
"B0FF5DB0-FCAF-4E0F-A355-E47431D2D2EA","46","LT-000000046","2025-06-18 14:36:48.980","Paul Collins","vendors","39A0FA87-9E94-4D9B-BE26-E2091F848D53","{""before_values"":""{\""uuid\"":\""39A0FA87-9E94-4D9B-BE26-E2091F848D53\"",\""index_key\"":18,\""insert_date\"":\""2025-06-18T14:36:48.957\"",\""update_date\"":\""2025-06-18T14:36:48.957\"",\""update_by\"":\""Paul Collins\"",\""vendor_name\"":\""Empire\""}"",""after_values"":""{\""uuid\"":\""39A0FA87-9E94-4D9B-BE26-E2091F848D53\"",\""index_key\"":18,\""reference_key\"":\""VT-018\"",\""insert_date\"":\""2025-06-18T14:36:48.957\"",\""update_date\"":\""2025-06-18T14:36:48.957\"",\""update_by\"":\""Paul Collins\"",\""change_log\"":\""Created on 2025-06-18 14:36:48\"",\""vendor_name\"":\""Empire\""}""}"
"B96BC577-FBA8-4D04-A82B-CB9450DA3B10","47","LT-000000047","2025-06-18 14:36:48.980","Paul Collins","vendors","ADFF33A9-BC30-46D4-B248-41DA6170101A","{""before_values"":""{\""uuid\"":\""ADFF33A9-BC30-46D4-B248-41DA6170101A\"",\""index_key\"":17,\""insert_date\"":\""2025-06-18T14:36:48.957\"",\""update_date\"":\""2025-06-18T14:36:48.957\"",\""update_by\"":\""Paul Collins\"",\""vendor_name\"":\""Alfastreet\""}"",""after_values"":""{\""uuid\"":\""ADFF33A9-BC30-46D4-B248-41DA6170101A\"",\""index_key\"":17,\""reference_key\"":\""VT-017\"",\""insert_date\"":\""2025-06-18T14:36:48.957\"",\""update_date\"":\""2025-06-18T14:36:48.957\"",\""update_by\"":\""Paul Collins\"",\""change_log\"":\""Created on 2025-06-18 14:36:48\"",\""vendor_name\"":\""Alfastreet\""}""}"
"6A8EE4C7-1FBD-43AB-A838-5E524219A61F","48","LT-000000048","2025-06-18 14:36:48.980","Paul Collins","vendors","FCED5E5A-A3EB-4BD7-943D-93973AF2209D","{""before_values"":""{\""uuid\"":\""FCED5E5A-A3EB-4BD7-943D-93973AF2209D\"",\""index_key\"":16,\""insert_date\"":\""2025-06-18T14:36:48.957\"",\""update_date\"":\""2025-06-18T14:36:48.957\"",\""update_by\"":\""Paul Collins\"",\""vendor_name\"":\""Aristocrat\""}"",""after_values"":""{\""uuid\"":\""FCED5E5A-A3EB-4BD7-943D-93973AF2209D\"",\""index_key\"":16,\""reference_key\"":\""VT-016\"",\""insert_date\"":\""2025-06-18T14:36:48.957\"",\""update_date\"":\""2025-06-18T14:36:48.957\"",\""update_by\"":\""Paul Collins\"",\""change_log\"":\""Created on 2025-06-18 14:36:48\"",\""vendor_name\"":\""Aristocrat\""}""}"
"638B8961-7068-48E0-B89F-E15DC0D59EC0","49","LT-000000049","2025-06-18 14:36:48.980","Paul Collins","vendors","90136125-DAA9-4E72-8922-45EE2E178E76","{""before_values"":""{\""uuid\"":\""90136125-DAA9-4E72-8922-45EE2E178E76\"",\""index_key\"":15,\""insert_date\"":\""2025-06-18T14:36:48.957\"",\""update_date\"":\""2025-06-18T14:36:48.957\"",\""update_by\"":\""Paul Collins\"",\""vendor_name\"":\""Bluberi\""}"",""after_values"":""{\""uuid\"":\""90136125-DAA9-4E72-8922-45EE2E178E76\"",\""index_key\"":15,\""reference_key\"":\""VT-015\"",\""insert_date\"":\""2025-06-18T14:36:48.957\"",\""update_date\"":\""2025-06-18T14:36:48.957\"",\""update_by\"":\""Paul Collins\"",\""change_log\"":\""Created on 2025-06-18 14:36:48\"",\""vendor_name\"":\""Bluberi\""}""}"
"EDDA6129-D913-4CC7-B37A-B5F5EB542605","50","LT-000000050","2025-06-18 14:36:48.980","Paul Collins","vendors","26CEE7C7-2FF5-408F-8DF8-294C6423EAE0","{""before_values"":""{\""uuid\"":\""26CEE7C7-2FF5-408F-8DF8-294C6423EAE0\"",\""index_key\"":14,\""insert_date\"":\""2025-06-18T14:36:48.957\"",\""update_date\"":\""2025-06-18T14:36:48.957\"",\""update_by\"":\""Paul Collins\"",\""vendor_name\"":\""Wymac\""}"",""after_values"":""{\""uuid\"":\""26CEE7C7-2FF5-408F-8DF8-294C6423EAE0\"",\""index_key\"":14,\""reference_key\"":\""VT-014\"",\""insert_date\"":\""2025-06-18T14:36:48.957\"",\""update_date\"":\""2025-06-18T14:36:48.957\"",\""update_by\"":\""Paul Collins\"",\""change_log\"":\""Created on 2025-06-18 14:36:48\"",\""vendor_name\"":\""Wymac\""}""}"
"F4992FB5-A829-4ED6-A51B-3A9A47C3521D","51","LT-000000051","2025-06-18 14:36:48.980","Paul Collins","vendors","C4224114-43EC-4DA0-A04A-7DD8A99DB2E4","{""before_values"":""{\""uuid\"":\""C4224114-43EC-4DA0-A04A-7DD8A99DB2E4\"",\""index_key\"":13,\""insert_date\"":\""2025-06-18T14:36:48.957\"",\""update_date\"":\""2025-06-18T14:36:48.957\"",\""update_by\"":\""Paul Collins\"",\""vendor_name\"":\""GMW\""}"",""after_values"":""{\""uuid\"":\""C4224114-43EC-4DA0-A04A-7DD8A99DB2E4\"",\""index_key\"":13,\""reference_key\"":\""VT-013\"",\""insert_date\"":\""2025-06-18T14:36:48.957\"",\""update_date\"":\""2025-06-18T14:36:48.957\"",\""update_by\"":\""Paul Collins\"",\""change_log\"":\""Created on 2025-06-18 14:36:48\"",\""vendor_name\"":\""GMW\""}""}"
"EF4BFC98-23D0-430A-94CC-D82100EABE1D","52","LT-000000052","2025-06-18 14:36:48.980","Paul Collins","vendors","8993941C-E0F0-44F4-BD2F-A6CE47AFF4BD","{""before_values"":""{\""uuid\"":\""8993941C-E0F0-44F4-BD2F-A6CE47AFF4BD\"",\""index_key\"":12,\""insert_date\"":\""2025-06-18T14:36:48.957\"",\""update_date\"":\""2025-06-18T14:36:48.957\"",\""update_by\"":\""Paul Collins\"",\""vendor_name\"":\""Konami\""}"",""after_values"":""{\""uuid\"":\""8993941C-E0F0-44F4-BD2F-A6CE47AFF4BD\"",\""index_key\"":12,\""reference_key\"":\""VT-012\"",\""insert_date\"":\""2025-06-18T14:36:48.957\"",\""update_date\"":\""2025-06-18T14:36:48.957\"",\""update_by\"":\""Paul Collins\"",\""change_log\"":\""Created on 2025-06-18 14:36:48\"",\""vendor_name\"":\""Konami\""}""}"
"1404FEB0-6321-4F2A-B81C-18AE6F5C73A1","53","LT-000000053","2025-06-18 14:36:48.980","Paul Collins","vendors","A0498C3D-29D8-4A92-83B1-BB5A740DF8DE","{""before_values"":""{\""uuid\"":\""A0498C3D-29D8-4A92-83B1-BB5A740DF8DE\"",\""index_key\"":11,\""insert_date\"":\""2025-06-18T14:36:48.957\"",\""update_date\"":\""2025-06-18T14:36:48.957\"",\""update_by\"":\""Paul Collins\"",\""vendor_name\"":\""Zitro\""}"",""after_values"":""{\""uuid\"":\""A0498C3D-29D8-4A92-83B1-BB5A740DF8DE\"",\""index_key\"":11,\""reference_key\"":\""VT-011\"",\""insert_date\"":\""2025-06-18T14:36:48.957\"",\""update_date\"":\""2025-06-18T14:36:48.957\"",\""update_by\"":\""Paul Collins\"",\""change_log\"":\""Created on 2025-06-18 14:36:48\"",\""vendor_name\"":\""Zitro\""}""}"
"130FE2A2-4B98-48AB-A058-AA6037B37CD1","54","LT-000000054","2025-06-18 14:36:48.980","Paul Collins","vendors","3DF3AF52-19D0-40B8-8D9B-E02C4ACFF4D3","{""before_values"":""{\""uuid\"":\""3DF3AF52-19D0-40B8-8D9B-E02C4ACFF4D3\"",\""index_key\"":10,\""insert_date\"":\""2025-06-18T14:36:48.957\"",\""update_date\"":\""2025-06-18T14:36:48.957\"",\""update_by\"":\""Paul Collins\"",\""vendor_name\"":\""NOVA\""}"",""after_values"":""{\""uuid\"":\""3DF3AF52-19D0-40B8-8D9B-E02C4ACFF4D3\"",\""index_key\"":10,\""reference_key\"":\""VT-010\"",\""insert_date\"":\""2025-06-18T14:36:48.957\"",\""update_date\"":\""2025-06-18T14:36:48.957\"",\""update_by\"":\""Paul Collins\"",\""change_log\"":\""Created on 2025-06-18 14:36:48\"",\""vendor_name\"":\""NOVA\""}""}"
"0FFD6FB2-25DC-4058-B848-A8149F7D746F","55","LT-000000055","2025-06-18 14:36:48.980","Paul Collins","vendors","FCE2496E-30FE-4394-8FF8-BE188C97A7B6","{""before_values"":""{\""uuid\"":\""FCE2496E-30FE-4394-8FF8-BE188C97A7B6\"",\""index_key\"":9,\""insert_date\"":\""2025-06-18T14:36:48.957\"",\""update_date\"":\""2025-06-18T14:36:48.957\"",\""update_by\"":\""Paul Collins\"",\""vendor_name\"":\""SG WMS\""}"",""after_values"":""{\""uuid\"":\""FCE2496E-30FE-4394-8FF8-BE188C97A7B6\"",\""index_key\"":9,\""reference_key\"":\""VT-009\"",\""insert_date\"":\""2025-06-18T14:36:48.957\"",\""update_date\"":\""2025-06-18T14:36:48.957\"",\""update_by\"":\""Paul Collins\"",\""change_log\"":\""Created on 2025-06-18 14:36:48\"",\""vendor_name\"":\""SG WMS\""}""}"
"02325942-053C-480D-BCE6-7428B7D0F1C3","56","LT-000000056","2025-06-18 14:36:48.980","Paul Collins","vendors","5B36D951-6345-49EC-BA3A-0F1EEB94F75D","{""before_values"":""{\""uuid\"":\""5B36D951-6345-49EC-BA3A-0F1EEB94F75D\"",\""index_key\"":8,\""insert_date\"":\""2025-06-18T14:36:48.957\"",\""update_date\"":\""2025-06-18T14:36:48.957\"",\""update_by\"":\""Paul Collins\"",\""vendor_name\"":\""Lightning Gaming\""}"",""after_values"":""{\""uuid\"":\""5B36D951-6345-49EC-BA3A-0F1EEB94F75D\"",\""index_key\"":8,\""reference_key\"":\""VT-008\"",\""insert_date\"":\""2025-06-18T14:36:48.957\"",\""update_date\"":\""2025-06-18T14:36:48.957\"",\""update_by\"":\""Paul Collins\"",\""change_log\"":\""Created on 2025-06-18 14:36:48\"",\""vendor_name\"":\""Lightning Gaming\""}""}"
"2B8BCBF0-7904-491E-AA93-9F395A98FB4A","57","LT-000000057","2025-06-18 14:36:48.980","Paul Collins","vendors","777F031A-30B9-4658-ADB7-56910C724718","{""before_values"":""{\""uuid\"":\""777F031A-30B9-4658-ADB7-56910C724718\"",\""index_key\"":7,\""insert_date\"":\""2025-06-18T14:36:48.957\"",\""update_date\"":\""2025-06-18T14:36:48.957\"",\""update_by\"":\""Paul Collins\"",\""vendor_name\"":\""SG Bally\""}"",""after_values"":""{\""uuid\"":\""777F031A-30B9-4658-ADB7-56910C724718\"",\""index_key\"":7,\""reference_key\"":\""VT-007\"",\""insert_date\"":\""2025-06-18T14:36:48.957\"",\""update_date\"":\""2025-06-18T14:36:48.957\"",\""update_by\"":\""Paul Collins\"",\""change_log\"":\""Created on 2025-06-18 14:36:48\"",\""vendor_name\"":\""SG Bally\""}""}"
"B302D25D-C060-4AD4-AD53-02A40F251A19","58","LT-000000058","2025-06-18 14:36:48.980","Paul Collins","vendors","C99688B1-692D-481E-8E3C-470108F1C0A9","{""before_values"":""{\""uuid\"":\""C99688B1-692D-481E-8E3C-470108F1C0A9\"",\""index_key\"":6,\""insert_date\"":\""2025-06-18T14:36:48.957\"",\""update_date\"":\""2025-06-18T14:36:48.957\"",\""update_by\"":\""Paul Collins\"",\""vendor_name\"":\""EGT\""}"",""after_values"":""{\""uuid\"":\""C99688B1-692D-481E-8E3C-470108F1C0A9\"",\""index_key\"":6,\""reference_key\"":\""VT-006\"",\""insert_date\"":\""2025-06-18T14:36:48.957\"",\""update_date\"":\""2025-06-18T14:36:48.957\"",\""update_by\"":\""Paul Collins\"",\""change_log\"":\""Created on 2025-06-18 14:36:48\"",\""vendor_name\"":\""EGT\""}""}"
"2277B2F1-3875-4A67-B88A-5288982CA572","59","LT-000000059","2025-06-18 14:36:48.980","Paul Collins","vendors","0444BC29-82B3-4B13-91FE-049211B9AE87","{""before_values"":""{\""uuid\"":\""0444BC29-82B3-4B13-91FE-049211B9AE87\"",\""index_key\"":5,\""insert_date\"":\""2025-06-18T14:36:48.957\"",\""update_date\"":\""2025-06-18T14:36:48.957\"",\""update_by\"":\""Paul Collins\"",\""vendor_name\"":\""Aruze\""}"",""after_values"":""{\""uuid\"":\""0444BC29-82B3-4B13-91FE-049211B9AE87\"",\""index_key\"":5,\""reference_key\"":\""VT-005\"",\""insert_date\"":\""2025-06-18T14:36:48.957\"",\""update_date\"":\""2025-06-18T14:36:48.957\"",\""update_by\"":\""Paul Collins\"",\""change_log\"":\""Created on 2025-06-18 14:36:48\"",\""vendor_name\"":\""Aruze\""}""}"
"1CADF14D-35C8-4E5F-8F49-4DA9188A14A3","60","LT-000000060","2025-06-18 14:36:48.980","Paul Collins","vendors","7386A890-57F4-4A3A-8DCD-8D7994A6203B","{""before_values"":""{\""uuid\"":\""7386A890-57F4-4A3A-8DCD-8D7994A6203B\"",\""index_key\"":4,\""insert_date\"":\""2025-06-18T14:36:48.957\"",\""update_date\"":\""2025-06-18T14:36:48.957\"",\""update_by\"":\""Paul Collins\"",\""vendor_name\"":\""Incredible Technologies\""}"",""after_values"":""{\""uuid\"":\""7386A890-57F4-4A3A-8DCD-8D7994A6203B\"",\""index_key\"":4,\""reference_key\"":\""VT-004\"",\""insert_date\"":\""2025-06-18T14:36:48.957\"",\""update_date\"":\""2025-06-18T14:36:48.957\"",\""update_by\"":\""Paul Collins\"",\""change_log\"":\""Created on 2025-06-18 14:36:48\"",\""vendor_name\"":\""Incredible Technologies\""}""}"
"799F67BE-7FD4-4410-8253-4D18BD3782B1","61","LT-000000061","2025-06-18 14:36:48.980","Paul Collins","vendors","6DE53B23-EC01-4FC4-834F-32AFE1D09146","{""before_values"":""{\""uuid\"":\""6DE53B23-EC01-4FC4-834F-32AFE1D09146\"",\""index_key\"":3,\""insert_date\"":\""2025-06-18T14:36:48.957\"",\""update_date\"":\""2025-06-18T14:36:48.957\"",\""update_by\"":\""Paul Collins\"",\""vendor_name\"":\""AGS\""}"",""after_values"":""{\""uuid\"":\""6DE53B23-EC01-4FC4-834F-32AFE1D09146\"",\""index_key\"":3,\""reference_key\"":\""VT-003\"",\""insert_date\"":\""2025-06-18T14:36:48.957\"",\""update_date\"":\""2025-06-18T14:36:48.957\"",\""update_by\"":\""Paul Collins\"",\""change_log\"":\""Created on 2025-06-18 14:36:48\"",\""vendor_name\"":\""AGS\""}""}"
"CE060B97-2250-4CC4-AE86-E9AFECE7CD12","62","LT-000000062","2025-06-18 14:36:48.980","Paul Collins","vendors","DE9FB554-4322-4D0F-9C84-628E41AD5F58","{""before_values"":""{\""uuid\"":\""DE9FB554-4322-4D0F-9C84-628E41AD5F58\"",\""index_key\"":2,\""insert_date\"":\""2025-06-18T14:36:48.957\"",\""update_date\"":\""2025-06-18T14:36:48.957\"",\""update_by\"":\""Paul Collins\"",\""vendor_name\"":\""IGT\""}"",""after_values"":""{\""uuid\"":\""DE9FB554-4322-4D0F-9C84-628E41AD5F58\"",\""index_key\"":2,\""reference_key\"":\""VT-002\"",\""insert_date\"":\""2025-06-18T14:36:48.957\"",\""update_date\"":\""2025-06-18T14:36:48.957\"",\""update_by\"":\""Paul Collins\"",\""change_log\"":\""Created on 2025-06-18 14:36:48\"",\""vendor_name\"":\""IGT\""}""}"
"A6455ADE-5F2A-4CCC-B641-91C3C8FD4912","63","LT-000000063","2025-06-18 14:36:48.980","Paul Collins","vendors","171F058E-1990-4086-8307-6B6A1D8AA6FE","{""before_values"":""{\""uuid\"":\""171F058E-1990-4086-8307-6B6A1D8AA6FE\"",\""index_key\"":1,\""insert_date\"":\""2025-06-18T14:36:48.957\"",\""update_date\"":\""2025-06-18T14:36:48.957\"",\""update_by\"":\""Paul Collins\"",\""vendor_name\"":\""Ainsworth\""}"",""after_values"":""{\""uuid\"":\""171F058E-1990-4086-8307-6B6A1D8AA6FE\"",\""index_key\"":1,\""reference_key\"":\""VT-001\"",\""insert_date\"":\""2025-06-18T14:36:48.957\"",\""update_date\"":\""2025-06-18T14:36:48.957\"",\""update_by\"":\""Paul Collins\"",\""change_log\"":\""Created on 2025-06-18 14:36:48\"",\""vendor_name\"":\""Ainsworth\""}""}"
"2ACA9755-91C1-4912-8A75-F07FE583B6C1","64","LT-000000064","2025-06-18 14:36:48.980","Paul Collins","vendors","C534F620-353D-4613-A2BE-4A162E454889","{""uuid"":""C534F620-353D-4613-A2BE-4A162E454889"",""index_key"":23,""insert_date"":""2025-06-18T14:36:48.957"",""update_date"":""2025-06-18T14:36:48.957"",""update_by"":""Paul Collins"",""vendor_name"":""SpinTec""}"
"A4BDD6A7-412D-4CA5-8ADF-6F44462174B9","65","LT-000000065","2025-06-18 14:36:48.980","Paul Collins","vendors","F6EED6D3-3CD2-4358-9C67-83C172E4A10A","{""uuid"":""F6EED6D3-3CD2-4358-9C67-83C172E4A10A"",""index_key"":22,""insert_date"":""2025-06-18T14:36:48.957"",""update_date"":""2025-06-18T14:36:48.957"",""update_by"":""Paul Collins"",""vendor_name"":""Everi""}"
"E394FB47-52F6-4E74-AE55-2747C58249D6","66","LT-000000066","2025-06-18 14:36:48.980","Paul Collins","vendors","3B2E1A95-6847-4779-9862-17BE30E0B088","{""uuid"":""3B2E1A95-6847-4779-9862-17BE30E0B088"",""index_key"":21,""insert_date"":""2025-06-18T14:36:48.957"",""update_date"":""2025-06-18T14:36:48.957"",""update_by"":""Paul Collins"",""vendor_name"":""Eclipse""}"
"3EA6A2EE-2033-4DCC-964B-A43838C8F764","67","LT-000000067","2025-06-18 14:36:48.980","Paul Collins","vendors","0F8DB302-F1F5-4961-ACD8-DC375C2CAD8D","{""uuid"":""0F8DB302-F1F5-4961-ACD8-DC375C2CAD8D"",""index_key"":20,""insert_date"":""2025-06-18T14:36:48.957"",""update_date"":""2025-06-18T14:36:48.957"",""update_by"":""Paul Collins"",""vendor_name"":""Synergy Blue""}"
"C5F7104F-9336-417B-9E21-549A7DC7614C","68","LT-000000068","2025-06-18 14:36:48.980","Paul Collins","vendors","ED3D5BFD-AD14-4A84-8474-97A6411863F9","{""uuid"":""ED3D5BFD-AD14-4A84-8474-97A6411863F9"",""index_key"":19,""insert_date"":""2025-06-18T14:36:48.957"",""update_date"":""2025-06-18T14:36:48.957"",""update_by"":""Paul Collins"",""vendor_name"":""Castle Hill""}"
"B93B8465-FE8E-4C47-A182-AF77A87DD2AD","69","LT-000000069","2025-06-18 14:36:48.980","Paul Collins","vendors","39A0FA87-9E94-4D9B-BE26-E2091F848D53","{""uuid"":""39A0FA87-9E94-4D9B-BE26-E2091F848D53"",""index_key"":18,""insert_date"":""2025-06-18T14:36:48.957"",""update_date"":""2025-06-18T14:36:48.957"",""update_by"":""Paul Collins"",""vendor_name"":""Empire""}"
"566F7F92-D6F3-47DB-A8DE-A773313BD3A5","70","LT-000000070","2025-06-18 14:36:48.980","Paul Collins","vendors","ADFF33A9-BC30-46D4-B248-41DA6170101A","{""uuid"":""ADFF33A9-BC30-46D4-B248-41DA6170101A"",""index_key"":17,""insert_date"":""2025-06-18T14:36:48.957"",""update_date"":""2025-06-18T14:36:48.957"",""update_by"":""Paul Collins"",""vendor_name"":""Alfastreet""}"
"9A918969-8BF9-41E3-B11C-DC4C31886713","71","LT-000000071","2025-06-18 14:36:48.980","Paul Collins","vendors","FCED5E5A-A3EB-4BD7-943D-93973AF2209D","{""uuid"":""FCED5E5A-A3EB-4BD7-943D-93973AF2209D"",""index_key"":16,""insert_date"":""2025-06-18T14:36:48.957"",""update_date"":""2025-06-18T14:36:48.957"",""update_by"":""Paul Collins"",""vendor_name"":""Aristocrat""}"
"CCDB6F8F-0C6F-4FEB-B6A9-17FB15AEB529","72","LT-000000072","2025-06-18 14:36:48.980","Paul Collins","vendors","90136125-DAA9-4E72-8922-45EE2E178E76","{""uuid"":""90136125-DAA9-4E72-8922-45EE2E178E76"",""index_key"":15,""insert_date"":""2025-06-18T14:36:48.957"",""update_date"":""2025-06-18T14:36:48.957"",""update_by"":""Paul Collins"",""vendor_name"":""Bluberi""}"
"A9EE5471-7789-4413-AFA1-E29BF8CC8F9E","73","LT-000000073","2025-06-18 14:36:48.980","Paul Collins","vendors","26CEE7C7-2FF5-408F-8DF8-294C6423EAE0","{""uuid"":""26CEE7C7-2FF5-408F-8DF8-294C6423EAE0"",""index_key"":14,""insert_date"":""2025-06-18T14:36:48.957"",""update_date"":""2025-06-18T14:36:48.957"",""update_by"":""Paul Collins"",""vendor_name"":""Wymac""}"
"39081D5B-911F-4A57-AA9A-0BA62FFF8009","74","LT-000000074","2025-06-18 14:36:48.980","Paul Collins","vendors","C4224114-43EC-4DA0-A04A-7DD8A99DB2E4","{""uuid"":""C4224114-43EC-4DA0-A04A-7DD8A99DB2E4"",""index_key"":13,""insert_date"":""2025-06-18T14:36:48.957"",""update_date"":""2025-06-18T14:36:48.957"",""update_by"":""Paul Collins"",""vendor_name"":""GMW""}"
"69984640-B41C-4AD4-A67C-3374C8C5A1AA","75","LT-000000075","2025-06-18 14:36:48.980","Paul Collins","vendors","8993941C-E0F0-44F4-BD2F-A6CE47AFF4BD","{""uuid"":""8993941C-E0F0-44F4-BD2F-A6CE47AFF4BD"",""index_key"":12,""insert_date"":""2025-06-18T14:36:48.957"",""update_date"":""2025-06-18T14:36:48.957"",""update_by"":""Paul Collins"",""vendor_name"":""Konami""}"
"6B878EB8-0F56-4645-BFAB-BC4B7FD9A442","76","LT-000000076","2025-06-18 14:36:48.980","Paul Collins","vendors","A0498C3D-29D8-4A92-83B1-BB5A740DF8DE","{""uuid"":""A0498C3D-29D8-4A92-83B1-BB5A740DF8DE"",""index_key"":11,""insert_date"":""2025-06-18T14:36:48.957"",""update_date"":""2025-06-18T14:36:48.957"",""update_by"":""Paul Collins"",""vendor_name"":""Zitro""}"
"D5B9DCE0-C974-4B53-8CBF-E01450E22A4D","77","LT-000000077","2025-06-18 14:36:48.980","Paul Collins","vendors","3DF3AF52-19D0-40B8-8D9B-E02C4ACFF4D3","{""uuid"":""3DF3AF52-19D0-40B8-8D9B-E02C4ACFF4D3"",""index_key"":10,""insert_date"":""2025-06-18T14:36:48.957"",""update_date"":""2025-06-18T14:36:48.957"",""update_by"":""Paul Collins"",""vendor_name"":""NOVA""}"
"148647B0-23FC-4D2D-96A0-F5DBC67A159A","78","LT-000000078","2025-06-18 14:36:48.980","Paul Collins","vendors","FCE2496E-30FE-4394-8FF8-BE188C97A7B6","{""uuid"":""FCE2496E-30FE-4394-8FF8-BE188C97A7B6"",""index_key"":9,""insert_date"":""2025-06-18T14:36:48.957"",""update_date"":""2025-06-18T14:36:48.957"",""update_by"":""Paul Collins"",""vendor_name"":""SG WMS""}"
"70A20982-0733-47F8-9B92-412F3F4A250B","79","LT-000000079","2025-06-18 14:36:48.980","Paul Collins","vendors","5B36D951-6345-49EC-BA3A-0F1EEB94F75D","{""uuid"":""5B36D951-6345-49EC-BA3A-0F1EEB94F75D"",""index_key"":8,""insert_date"":""2025-06-18T14:36:48.957"",""update_date"":""2025-06-18T14:36:48.957"",""update_by"":""Paul Collins"",""vendor_name"":""Lightning Gaming""}"
"4DC022DF-3FC7-4279-BF4C-7E691675DDC4","80","LT-000000080","2025-06-18 14:36:48.980","Paul Collins","vendors","777F031A-30B9-4658-ADB7-56910C724718","{""uuid"":""777F031A-30B9-4658-ADB7-56910C724718"",""index_key"":7,""insert_date"":""2025-06-18T14:36:48.957"",""update_date"":""2025-06-18T14:36:48.957"",""update_by"":""Paul Collins"",""vendor_name"":""SG Bally""}"
"5A434EA1-9213-4C5B-A2B0-FA6AC4DC3E3F","81","LT-000000081","2025-06-18 14:36:48.980","Paul Collins","vendors","C99688B1-692D-481E-8E3C-470108F1C0A9","{""uuid"":""C99688B1-692D-481E-8E3C-470108F1C0A9"",""index_key"":6,""insert_date"":""2025-06-18T14:36:48.957"",""update_date"":""2025-06-18T14:36:48.957"",""update_by"":""Paul Collins"",""vendor_name"":""EGT""}"
"5D23CC89-9922-4D14-B20B-141C359C7F61","82","LT-000000082","2025-06-18 14:36:48.980","Paul Collins","vendors","0444BC29-82B3-4B13-91FE-049211B9AE87","{""uuid"":""0444BC29-82B3-4B13-91FE-049211B9AE87"",""index_key"":5,""insert_date"":""2025-06-18T14:36:48.957"",""update_date"":""2025-06-18T14:36:48.957"",""update_by"":""Paul Collins"",""vendor_name"":""Aruze""}"
"29BE403C-668F-49AF-A86E-D3B8291D4A6E","83","LT-000000083","2025-06-18 14:36:48.980","Paul Collins","vendors","7386A890-57F4-4A3A-8DCD-8D7994A6203B","{""uuid"":""7386A890-57F4-4A3A-8DCD-8D7994A6203B"",""index_key"":4,""insert_date"":""2025-06-18T14:36:48.957"",""update_date"":""2025-06-18T14:36:48.957"",""update_by"":""Paul Collins"",""vendor_name"":""Incredible Technologies""}"
"A82017CD-5590-4C00-8FF6-5E5D06CA1C8D","84","LT-000000084","2025-06-18 14:36:48.980","Paul Collins","vendors","6DE53B23-EC01-4FC4-834F-32AFE1D09146","{""uuid"":""6DE53B23-EC01-4FC4-834F-32AFE1D09146"",""index_key"":3,""insert_date"":""2025-06-18T14:36:48.957"",""update_date"":""2025-06-18T14:36:48.957"",""update_by"":""Paul Collins"",""vendor_name"":""AGS""}"
"F8EC50E4-6802-45E6-A565-0D389F47892A","85","LT-000000085","2025-06-18 14:36:48.980","Paul Collins","vendors","DE9FB554-4322-4D0F-9C84-628E41AD5F58","{""uuid"":""DE9FB554-4322-4D0F-9C84-628E41AD5F58"",""index_key"":2,""insert_date"":""2025-06-18T14:36:48.957"",""update_date"":""2025-06-18T14:36:48.957"",""update_by"":""Paul Collins"",""vendor_name"":""IGT""}"
"305A0386-BC90-4DD1-AC97-BDEE890547F5","86","LT-000000086","2025-06-18 14:36:48.980","Paul Collins","vendors","171F058E-1990-4086-8307-6B6A1D8AA6FE","{""uuid"":""171F058E-1990-4086-8307-6B6A1D8AA6FE"",""index_key"":1,""insert_date"":""2025-06-18T14:36:48.957"",""update_date"":""2025-06-18T14:36:48.957"",""update_by"":""Paul Collins"",""vendor_name"":""Ainsworth""}"
"9CD413BE-39D4-46BB-A442-7B76D750A97C","87","LT-000000087","2025-06-18 15:16:31.990","Paul Collins","cabinets","E069B4B1-A263-482A-9426-003FC0A3C7AF","{""before_values"":""{\""uuid\"":\""E069B4B1-A263-482A-9426-003FC0A3C7AF\"",\""index_key\"":49,\""insert_date\"":\""2025-06-18T15:16:31.963\"",\""update_date\"":\""2025-06-18T15:16:31.963\"",\""update_by\"":\""Paul Collins\"",\""vendor_id\"":\""VT-005\"",\""cabinet_name\"":\""Gen-X Innovator\""}"",""after_values"":""{\""uuid\"":\""E069B4B1-A263-482A-9426-003FC0A3C7AF\"",\""index_key\"":49,\""reference_key\"":\""CAB-00049\"",\""insert_date\"":\""2025-06-18T15:16:31.963\"",\""update_date\"":\""2025-06-18T15:16:31.963\"",\""update_by\"":\""Paul Collins\"",\""change_log\"":\""Created on 2025-06-18 15:16:31\"",\""vendor_id\"":\""VT-005\"",\""cabinet_name\"":\""Gen-X Innovator\""}""}"
"0823E633-3F89-463F-9CD6-7F01674E393E","88","LT-000000088","2025-06-18 15:16:31.990","Paul Collins","cabinets","9DC65858-C03D-4798-A8F1-024058384FE3","{""before_values"":""{\""uuid\"":\""9DC65858-C03D-4798-A8F1-024058384FE3\"",\""index_key\"":23,\""insert_date\"":\""2025-06-18T15:16:31.963\"",\""update_date\"":\""2025-06-18T15:16:31.963\"",\""update_by\"":\""Paul Collins\"",\""vendor_id\"":\""VT-002\"",\""cabinet_name\"":\""Trimline\""}"",""after_values"":""{\""uuid\"":\""9DC65858-C03D-4798-A8F1-024058384FE3\"",\""index_key\"":23,\""reference_key\"":\""CAB-00023\"",\""insert_date\"":\""2025-06-18T15:16:31.963\"",\""update_date\"":\""2025-06-18T15:16:31.963\"",\""update_by\"":\""Paul Collins\"",\""change_log\"":\""Created on 2025-06-18 15:16:31\"",\""vendor_id\"":\""VT-002\"",\""cabinet_name\"":\""Trimline\""}""}"
"2B81EB55-B2E1-484F-82EC-6AA20F187EAF","89","LT-000000089","2025-06-18 15:16:31.990","Paul Collins","cabinets","E78857A6-78B0-44E5-B13D-0BD3BE32DFBA","{""before_values"":""{\""uuid\"":\""E78857A6-78B0-44E5-B13D-0BD3BE32DFBA\"",\""index_key\"":42,\""insert_date\"":\""2025-06-18T15:16:31.963\"",\""update_date\"":\""2025-06-18T15:16:31.963\"",\""update_by\"":\""Paul Collins\"",\""vendor_id\"":\""VT-005\"",\""cabinet_name\"":\""Cube-X Innovator Deluxe\""}"",""after_values"":""{\""uuid\"":\""E78857A6-78B0-44E5-B13D-0BD3BE32DFBA\"",\""index_key\"":42,\""reference_key\"":\""CAB-00042\"",\""insert_date\"":\""2025-06-18T15:16:31.963\"",\""update_date\"":\""2025-06-18T15:16:31.963\"",\""update_by\"":\""Paul Collins\"",\""change_log\"":\""Created on 2025-06-18 15:16:31\"",\""vendor_id\"":\""VT-005\"",\""cabinet_name\"":\""Cube-X Innovator Deluxe\""}""}"
"73C9CDBC-1A39-4834-B333-BA0020385327","90","LT-000000090","2025-06-18 15:16:31.990","Paul Collins","cabinets","03A5A684-2F3D-4C9B-B41E-0DE9088D8409","{""before_values"":""{\""uuid\"":\""03A5A684-2F3D-4C9B-B41E-0DE9088D8409\"",\""index_key\"":32,\""insert_date\"":\""2025-06-18T15:16:31.963\"",\""update_date\"":\""2025-06-18T15:16:31.963\"",\""update_by\"":\""Paul Collins\"",\""vendor_id\"":\""VT-003\"",\""cabinet_name\"":\""Spectra 43\""}"",""after_values"":""{\""uuid\"":\""03A5A684-2F3D-4C9B-B41E-0DE9088D8409\"",\""index_key\"":32,\""reference_key\"":\""CAB-00032\"",\""insert_date\"":\""2025-06-18T15:16:31.963\"",\""update_date\"":\""2025-06-18T15:16:31.963\"",\""update_by\"":\""Paul Collins\"",\""change_log\"":\""Created on 2025-06-18 15:16:31\"",\""vendor_id\"":\""VT-003\"",\""cabinet_name\"":\""Spectra 43\""}""}"
"7264F360-9B86-4DD6-AD92-F65934C3FFF6","91","LT-000000091","2025-06-18 15:16:31.990","Paul Collins","cabinets","FAA36877-7E6B-4E17-BC8E-0E68E944CFFA","{""before_values"":""{\""uuid\"":\""FAA36877-7E6B-4E17-BC8E-0E68E944CFFA\"",\""index_key\"":94,\""insert_date\"":\""2025-06-18T15:16:31.963\"",\""update_date\"":\""2025-06-18T15:16:31.963\"",\""update_by\"":\""Paul Collins\"",\""vendor_id\"":\""VT-014\"",\""cabinet_name\"":\""Arcadia GTU\""}"",""after_values"":""{\""uuid\"":\""FAA36877-7E6B-4E17-BC8E-0E68E944CFFA\"",\""index_key\"":94,\""reference_key\"":\""CAB-00094\"",\""insert_date\"":\""2025-06-18T15:16:31.963\"",\""update_date\"":\""2025-06-18T15:16:31.963\"",\""update_by\"":\""Paul Collins\"",\""change_log\"":\""Created on 2025-06-18 15:16:31\"",\""vendor_id\"":\""VT-014\"",\""cabinet_name\"":\""Arcadia GTU\""}""}"
"EBBD6CAB-D9E5-49D4-A7D4-4787EC0DB556","92","LT-000000092","2025-06-18 15:16:31.990","Paul Collins","cabinets","DD902347-A4D4-454F-B838-0F7085ACCD0F","{""before_values"":""{\""uuid\"":\""DD902347-A4D4-454F-B838-0F7085ACCD0F\"",\""index_key\"":21,\""insert_date\"":\""2025-06-18T15:16:31.963\"",\""update_date\"":\""2025-06-18T15:16:31.963\"",\""update_by\"":\""Paul Collins\"",\""vendor_id\"":\""VT-002\"",\""cabinet_name\"":\""S2000\""}"",""after_values"":""{\""uuid\"":\""DD902347-A4D4-454F-B838-0F7085ACCD0F\"",\""index_key\"":21,\""reference_key\"":\""CAB-00021\"",\""insert_date\"":\""2025-06-18T15:16:31.963\"",\""update_date\"":\""2025-06-18T15:16:31.963\"",\""update_by\"":\""Paul Collins\"",\""change_log\"":\""Created on 2025-06-18 15:16:31\"",\""vendor_id\"":\""VT-002\"",\""cabinet_name\"":\""S2000\""}""}"
"32E6352E-37E9-4264-9C7B-165222087013","93","LT-000000093","2025-06-18 15:16:31.990","Paul Collins","cabinets","75AEF1A5-3533-4E19-AC2B-111042C9874F","{""before_values"":""{\""uuid\"":\""75AEF1A5-3533-4E19-AC2B-111042C9874F\"",\""index_key\"":69,\""insert_date\"":\""2025-06-18T15:16:31.963\"",\""update_date\"":\""2025-06-18T15:16:31.963\"",\""update_by\"":\""Paul Collins\"",\""vendor_id\"":\""VT-007\"",\""cabinet_name\"":\""V32 Alpha Pro\""}"",""after_values"":""{\""uuid\"":\""75AEF1A5-3533-4E19-AC2B-111042C9874F\"",\""index_key\"":69,\""reference_key\"":\""CAB-00069\"",\""insert_date\"":\""2025-06-18T15:16:31.963\"",\""update_date\"":\""2025-06-18T15:16:31.963\"",\""update_by\"":\""Paul Collins\"",\""change_log\"":\""Created on 2025-06-18 15:16:31\"",\""vendor_id\"":\""VT-007\"",\""cabinet_name\"":\""V32 Alpha Pro\""}""}"
"0055C1F3-2ED5-4930-AFF1-A8C02B007BCA","94","LT-000000094","2025-06-18 15:16:31.990","Paul Collins","cabinets","7A9040E2-EB6F-4845-ABCC-1401F2DB2A50","{""before_values"":""{\""uuid\"":\""7A9040E2-EB6F-4845-ABCC-1401F2DB2A50\"",\""index_key\"":29,\""insert_date\"":\""2025-06-18T15:16:31.963\"",\""update_date\"":\""2025-06-18T15:16:31.963\"",\""update_by\"":\""Paul Collins\"",\""vendor_id\"":\""VT-003\"",\""cabinet_name\"":\""Orion Portrait\""}"",""after_values"":""{\""uuid\"":\""7A9040E2-EB6F-4845-ABCC-1401F2DB2A50\"",\""index_key\"":29,\""reference_key\"":\""CAB-00029\"",\""insert_date\"":\""2025-06-18T15:16:31.963\"",\""update_date\"":\""2025-06-18T15:16:31.963\"",\""update_by\"":\""Paul Collins\"",\""change_log\"":\""Created on 2025-06-18 15:16:31\"",\""vendor_id\"":\""VT-003\"",\""cabinet_name\"":\""Orion Portrait\""}""}"
"46EB0A10-9979-49CD-92BC-C08699770831","95","LT-000000095","2025-06-18 15:16:31.990","Paul Collins","cabinets","8616AF68-779D-4717-A049-167906A8AC7B","{""before_values"":""{\""uuid\"":\""8616AF68-779D-4717-A049-167906A8AC7B\"",\""index_key\"":73,\""insert_date\"":\""2025-06-18T15:16:31.963\"",\""update_date\"":\""2025-06-18T15:16:31.963\"",\""update_by\"":\""Paul Collins\"",\""vendor_id\"":\""VT-009\"",\""cabinet_name\"":\""BBXD\""}"",""after_values"":""{\""uuid\"":\""8616AF68-779D-4717-A049-167906A8AC7B\"",\""index_key\"":73,\""reference_key\"":\""CAB-00073\"",\""insert_date\"":\""2025-06-18T15:16:31.963\"",\""update_date\"":\""2025-06-18T15:16:31.963\"",\""update_by\"":\""Paul Collins\"",\""change_log\"":\""Created on 2025-06-18 15:16:31\"",\""vendor_id\"":\""VT-009\"",\""cabinet_name\"":\""BBXD\""}""}"
"98EEA5B1-EB07-4E8A-B6B2-B7B13787BD2F","96","LT-000000096","2025-06-18 15:16:31.990","Paul Collins","cabinets","89E2CC08-4F23-45EA-970C-19A769F67F0B","{""before_values"":""{\""uuid\"":\""89E2CC08-4F23-45EA-970C-19A769F67F0B\"",\""index_key\"":78,\""insert_date\"":\""2025-06-18T15:16:31.963\"",\""update_date\"":\""2025-06-18T15:16:31.963\"",\""update_by\"":\""Paul Collins\"",\""vendor_id\"":\""VT-011\"",\""cabinet_name\"":\""Allure Glare\""}"",""after_values"":""{\""uuid\"":\""89E2CC08-4F23-45EA-970C-19A769F67F0B\"",\""index_key\"":78,\""reference_key\"":\""CAB-00078\"",\""insert_date\"":\""2025-06-18T15:16:31.963\"",\""update_date\"":\""2025-06-18T15:16:31.963\"",\""update_by\"":\""Paul Collins\"",\""change_log\"":\""Created on 2025-06-18 15:16:31\"",\""vendor_id\"":\""VT-011\"",\""cabinet_name\"":\""Allure Glare\""}""}"
"6EC87FD0-4185-4E9B-8B00-50FC84D982AD","97","LT-000000097","2025-06-18 15:16:31.990","Paul Collins","cabinets","7FC959A3-565F-4F67-A373-1A98D86B8CA9","{""before_values"":""{\""uuid\"":\""7FC959A3-565F-4F67-A373-1A98D86B8CA9\"",\""index_key\"":1,\""insert_date\"":\""2025-06-18T15:16:31.963\"",\""update_date\"":\""2025-06-18T15:16:31.963\"",\""update_by\"":\""Paul Collins\"",\""vendor_id\"":\""VT-001\"",\""cabinet_name\"":\""A560\""}"",""after_values"":""{\""uuid\"":\""7FC959A3-565F-4F67-A373-1A98D86B8CA9\"",\""index_key\"":1,\""reference_key\"":\""CAB-00001\"",\""insert_date\"":\""2025-06-18T15:16:31.963\"",\""update_date\"":\""2025-06-18T15:16:31.963\"",\""update_by\"":\""Paul Collins\"",\""change_log\"":\""Created on 2025-06-18 15:16:31\"",\""vendor_id\"":\""VT-001\"",\""cabinet_name\"":\""A560\""}""}"
"22CCA15B-FB74-470B-B373-177B4C602416","98","LT-000000098","2025-06-18 15:16:31.990","Paul Collins","cabinets","7A783CF1-E83B-4B89-A29F-1FC37FC53541","{""before_values"":""{\""uuid\"":\""7A783CF1-E83B-4B89-A29F-1FC37FC53541\"",\""index_key\"":60,\""insert_date\"":\""2025-06-18T15:16:31.963\"",\""update_date\"":\""2025-06-18T15:16:31.963\"",\""update_by\"":\""Paul Collins\"",\""vendor_id\"":\""VT-006\"",\""cabinet_name\"":\""G 50 J2 ST\""}"",""after_values"":""{\""uuid\"":\""7A783CF1-E83B-4B89-A29F-1FC37FC53541\"",\""index_key\"":60,\""reference_key\"":\""CAB-00060\"",\""insert_date\"":\""2025-06-18T15:16:31.963\"",\""update_date\"":\""2025-06-18T15:16:31.963\"",\""update_by\"":\""Paul Collins\"",\""change_log\"":\""Created on 2025-06-18 15:16:31\"",\""vendor_id\"":\""VT-006\"",\""cabinet_name\"":\""G 50 J2 ST\""}""}"
"D5CC6624-185E-4882-B72E-0D48FCB9C259","99","LT-000000099","2025-06-18 15:16:31.990","Paul Collins","cabinets","27F48C75-F4DF-4C92-B478-1FD78F238E7A","{""before_values"":""{\""uuid\"":\""27F48C75-F4DF-4C92-B478-1FD78F238E7A\"",\""index_key\"":65,\""insert_date\"":\""2025-06-18T15:16:31.963\"",\""update_date\"":\""2025-06-18T15:16:31.963\"",\""update_by\"":\""Paul Collins\"",\""vendor_id\"":\""VT-007\"",\""cabinet_name\"":\""Twinstar J43\""}"",""after_values"":""{\""uuid\"":\""27F48C75-F4DF-4C92-B478-1FD78F238E7A\"",\""index_key\"":65,\""reference_key\"":\""CAB-00065\"",\""insert_date\"":\""2025-06-18T15:16:31.963\"",\""update_date\"":\""2025-06-18T15:16:31.963\"",\""update_by\"":\""Paul Collins\"",\""change_log\"":\""Created on 2025-06-18 15:16:31\"",\""vendor_id\"":\""VT-007\"",\""cabinet_name\"":\""Twinstar J43\""}""}"
"C4B14A1F-3F4E-4C98-8686-E9A64983A4AF","100","LT-000000100","2025-06-18 15:16:31.990","Paul Collins","cabinets","A69AA12B-BA6C-47D9-88F7-22681D25C6FB","{""before_values"":""{\""uuid\"":\""A69AA12B-BA6C-47D9-88F7-22681D25C6FB\"",\""index_key\"":27,\""insert_date\"":\""2025-06-18T15:16:31.963\"",\""update_date\"":\""2025-06-18T15:16:31.963\"",\""update_by\"":\""Paul Collins\"",\""vendor_id\"":\""VT-003\"",\""cabinet_name\"":\""Icon\""}"",""after_values"":""{\""uuid\"":\""A69AA12B-BA6C-47D9-88F7-22681D25C6FB\"",\""index_key\"":27,\""reference_key\"":\""CAB-00027\"",\""insert_date\"":\""2025-06-18T15:16:31.963\"",\""update_date\"":\""2025-06-18T15:16:31.963\"",\""update_by\"":\""Paul Collins\"",\""change_log\"":\""Created on 2025-06-18 15:16:31\"",\""vendor_id\"":\""VT-003\"",\""cabinet_name\"":\""Icon\""}""}"
"7B7EA93C-31C9-4048-8160-7421D73BCD52","101","LT-000000101","2025-06-18 15:16:31.990","Paul Collins","cabinets","C9B07039-962D-44BC-9F6F-22F7B1625588","{""before_values"":""{\""uuid\"":\""C9B07039-962D-44BC-9F6F-22F7B1625588\"",\""index_key\"":82,\""insert_date\"":\""2025-06-18T15:16:31.963\"",\""update_date\"":\""2025-06-18T15:16:31.963\"",\""update_by\"":\""Paul Collins\"",\""vendor_id\"":\""VT-012\"",\""cabinet_name\"":\""Concerto Opus\""}"",""after_values"":""{\""uuid\"":\""C9B07039-962D-44BC-9F6F-22F7B1625588\"",\""index_key\"":82,\""reference_key\"":\""CAB-00082\"",\""insert_date\"":\""2025-06-18T15:16:31.963\"",\""update_date\"":\""2025-06-18T15:16:31.963\"",\""update_by\"":\""Paul Collins\"",\""change_log\"":\""Created on 2025-06-18 15:16:31\"",\""vendor_id\"":\""VT-012\"",\""cabinet_name\"":\""Concerto Opus\""}""}"
"D72019A5-1761-4C65-B2FD-12B714F8CE25","102","LT-000000102","2025-06-18 15:16:31.990","Paul Collins","cabinets","E37FC1FD-4B15-4B41-9B97-2526454BEF60","{""before_values"":""{\""uuid\"":\""E37FC1FD-4B15-4B41-9B97-2526454BEF60\"",\""index_key\"":117,\""insert_date\"":\""2025-06-18T15:16:31.963\"",\""update_date\"":\""2025-06-18T15:16:31.963\"",\""update_by\"":\""Paul Collins\"",\""vendor_id\"":\""VT-022\"",\""cabinet_name\"":\""Empire Flex\""}"",""after_values"":""{\""uuid\"":\""E37FC1FD-4B15-4B41-9B97-2526454BEF60\"",\""index_key\"":117,\""reference_key\"":\""CAB-00117\"",\""insert_date\"":\""2025-06-18T15:16:31.963\"",\""update_date\"":\""2025-06-18T15:16:31.963\"",\""update_by\"":\""Paul Collins\"",\""change_log\"":\""Created on 2025-06-18 15:16:31\"",\""vendor_id\"":\""VT-022\"",\""cabinet_name\"":\""Empire Flex\""}""}"
"93C2731E-FCB5-4C83-8934-05B8BBA1469E","103","LT-000000103","2025-06-18 15:16:31.990","Paul Collins","cabinets","4A725B14-87CD-45F5-92CE-26C95F8D249D","{""before_values"":""{\""uuid\"":\""4A725B14-87CD-45F5-92CE-26C95F8D249D\"",\""index_key\"":28,\""insert_date\"":\""2025-06-18T15:16:31.963\"",\""update_date\"":\""2025-06-18T15:16:31.963\"",\""update_by\"":\""Paul Collins\"",\""vendor_id\"":\""VT-003\"",\""cabinet_name\"":\""Orion Curve\""}"",""after_values"":""{\""uuid\"":\""4A725B14-87CD-45F5-92CE-26C95F8D249D\"",\""index_key\"":28,\""reference_key\"":\""CAB-00028\"",\""insert_date\"":\""2025-06-18T15:16:31.963\"",\""update_date\"":\""2025-06-18T15:16:31.963\"",\""update_by\"":\""Paul Collins\"",\""change_log\"":\""Created on 2025-06-18 15:16:31\"",\""vendor_id\"":\""VT-003\"",\""cabinet_name\"":\""Orion Curve\""}""}"
"BF0C91D1-0FB0-42F0-BC8C-B5089A9D5D51","104","LT-000000104","2025-06-18 15:16:31.990","Paul Collins","cabinets","EFF89BD8-8028-4C0C-AFED-29BC5C705648","{""before_values"":""{\""uuid\"":\""EFF89BD8-8028-4C0C-AFED-29BC5C705648\"",\""index_key\"":40,\""insert_date\"":\""2025-06-18T15:16:31.963\"",\""update_date\"":\""2025-06-18T15:16:31.963\"",\""update_by\"":\""Paul Collins\"",\""vendor_id\"":\""VT-005\"",\""cabinet_name\"":\""Craps Station\""}"",""after_values"":""{\""uuid\"":\""EFF89BD8-8028-4C0C-AFED-29BC5C705648\"",\""index_key\"":40,\""reference_key\"":\""CAB-00040\"",\""insert_date\"":\""2025-06-18T15:16:31.963\"",\""update_date\"":\""2025-06-18T15:16:31.963\"",\""update_by\"":\""Paul Collins\"",\""change_log\"":\""Created on 2025-06-18 15:16:31\"",\""vendor_id\"":\""VT-005\"",\""cabinet_name\"":\""Craps Station\""}""}"
"F799C76A-F77F-4599-9445-002456483A32","105","LT-000000105","2025-06-18 15:16:31.990","Paul Collins","cabinets","05388744-DA0F-433A-A04E-2BD7C7CD7C06","{""before_values"":""{\""uuid\"":\""05388744-DA0F-433A-A04E-2BD7C7CD7C06\"",\""index_key\"":105,\""insert_date\"":\""2025-06-18T15:16:31.963\"",\""update_date\"":\""2025-06-18T15:16:31.963\"",\""update_by\"":\""Paul Collins\"",\""vendor_id\"":\""VT-017\"",\""cabinet_name\"":\""Multitouch Terminal\""}"",""after_values"":""{\""uuid\"":\""05388744-DA0F-433A-A04E-2BD7C7CD7C06\"",\""index_key\"":105,\""reference_key\"":\""CAB-00105\"",\""insert_date\"":\""2025-06-18T15:16:31.963\"",\""update_date\"":\""2025-06-18T15:16:31.963\"",\""update_by\"":\""Paul Collins\"",\""change_log\"":\""Created on 2025-06-18 15:16:31\"",\""vendor_id\"":\""VT-017\"",\""cabinet_name\"":\""Multitouch Terminal\""}""}"
"3BC46D96-8BE1-43C5-8212-F240FC4FBD38","106","LT-000000106","2025-06-18 15:16:31.990","Paul Collins","cabinets","72EE0BEB-4F00-4EE4-A0E0-2F0A27991F57","{""before_values"":""{\""uuid\"":\""72EE0BEB-4F00-4EE4-A0E0-2F0A27991F57\"",\""index_key\"":56,\""insert_date\"":\""2025-06-18T15:16:31.963\"",\""update_date\"":\""2025-06-18T15:16:31.963\"",\""update_by\"":\""Paul Collins\"",\""vendor_id\"":\""VT-005\"",\""cabinet_name\"":\""Muso Limited\""}"",""after_values"":""{\""uuid\"":\""72EE0BEB-4F00-4EE4-A0E0-2F0A27991F57\"",\""index_key\"":56,\""reference_key\"":\""CAB-00056\"",\""insert_date\"":\""2025-06-18T15:16:31.963\"",\""update_date\"":\""2025-06-18T15:16:31.963\"",\""update_by\"":\""Paul Collins\"",\""change_log\"":\""Created on 2025-06-18 15:16:31\"",\""vendor_id\"":\""VT-005\"",\""cabinet_name\"":\""Muso Limited\""}""}"
"669B0ED0-FB34-481B-A527-FC305434559B","107","LT-000000107","2025-06-18 15:16:31.990","Paul Collins","cabinets","D795520E-C87A-4EF1-8864-2FA39FF2E624","{""before_values"":""{\""uuid\"":\""D795520E-C87A-4EF1-8864-2FA39FF2E624\"",\""index_key\"":31,\""insert_date\"":\""2025-06-18T15:16:31.963\"",\""update_date\"":\""2025-06-18T15:16:31.963\"",\""update_by\"":\""Paul Collins\"",\""vendor_id\"":\""VT-003\"",\""cabinet_name\"":\""Revel\""}"",""after_values"":""{\""uuid\"":\""D795520E-C87A-4EF1-8864-2FA39FF2E624\"",\""index_key\"":31,\""reference_key\"":\""CAB-00031\"",\""insert_date\"":\""2025-06-18T15:16:31.963\"",\""update_date\"":\""2025-06-18T15:16:31.963\"",\""update_by\"":\""Paul Collins\"",\""change_log\"":\""Created on 2025-06-18 15:16:31\"",\""vendor_id\"":\""VT-003\"",\""cabinet_name\"":\""Revel\""}""}"
"ECFAA988-C8BC-420E-B808-0D00DB666235","108","LT-000000108","2025-06-18 15:16:31.990","Paul Collins","cabinets","88C96ABD-5364-4ECC-8069-2FD2B87E10D9","{""before_values"":""{\""uuid\"":\""88C96ABD-5364-4ECC-8069-2FD2B87E10D9\"",\""index_key\"":64,\""insert_date\"":\""2025-06-18T15:16:31.963\"",\""update_date\"":\""2025-06-18T15:16:31.963\"",\""update_by\"":\""Paul Collins\"",\""vendor_id\"":\""VT-007\"",\""cabinet_name\"":\""Twinstar\""}"",""after_values"":""{\""uuid\"":\""88C96ABD-5364-4ECC-8069-2FD2B87E10D9\"",\""index_key\"":64,\""reference_key\"":\""CAB-00064\"",\""insert_date\"":\""2025-06-18T15:16:31.963\"",\""update_date\"":\""2025-06-18T15:16:31.963\"",\""update_by\"":\""Paul Collins\"",\""change_log\"":\""Created on 2025-06-18 15:16:31\"",\""vendor_id\"":\""VT-007\"",\""cabinet_name\"":\""Twinstar\""}""}"
"231C5B38-694E-48D4-B1A9-2DA16B8BD932","109","LT-000000109","2025-06-18 15:16:31.990","Paul Collins","cabinets","EB214DDF-0793-404F-96C8-35C025EDFA79","{""before_values"":""{\""uuid\"":\""EB214DDF-0793-404F-96C8-35C025EDFA79\"",\""index_key\"":110,\""insert_date\"":\""2025-06-18T15:16:31.963\"",\""update_date\"":\""2025-06-18T15:16:31.963\"",\""update_by\"":\""Paul Collins\"",\""vendor_id\"":\""VT-020\"",\""cabinet_name\"":\""SB-Bartop\""}"",""after_values"":""{\""uuid\"":\""EB214DDF-0793-404F-96C8-35C025EDFA79\"",\""index_key\"":110,\""reference_key\"":\""CAB-00110\"",\""insert_date\"":\""2025-06-18T15:16:31.963\"",\""update_date\"":\""2025-06-18T15:16:31.963\"",\""update_by\"":\""Paul Collins\"",\""change_log\"":\""Created on 2025-06-18 15:16:31\"",\""vendor_id\"":\""VT-020\"",\""cabinet_name\"":\""SB-Bartop\""}""}"
"78D334F6-5068-44AD-A7A6-4F60039DEFB5","110","LT-000000110","2025-06-18 15:16:31.990","Paul Collins","cabinets","4D8E9CE8-4975-4CE8-AFD7-38EEEBE8509F","{""before_values"":""{\""uuid\"":\""4D8E9CE8-4975-4CE8-AFD7-38EEEBE8509F\"",\""index_key\"":16,\""insert_date\"":\""2025-06-18T15:16:31.963\"",\""update_date\"":\""2025-06-18T15:16:31.963\"",\""update_by\"":\""Paul Collins\"",\""vendor_id\"":\""VT-002\"",\""cabinet_name\"":\""G23\""}"",""after_values"":""{\""uuid\"":\""4D8E9CE8-4975-4CE8-AFD7-38EEEBE8509F\"",\""index_key\"":16,\""reference_key\"":\""CAB-00016\"",\""insert_date\"":\""2025-06-18T15:16:31.963\"",\""update_date\"":\""2025-06-18T15:16:31.963\"",\""update_by\"":\""Paul Collins\"",\""change_log\"":\""Created on 2025-06-18 15:16:31\"",\""vendor_id\"":\""VT-002\"",\""cabinet_name\"":\""G23\""}""}"
"57F9AD50-E7A8-4FA6-8D13-EBC28F0386CA","111","LT-000000111","2025-06-18 15:16:31.990","Paul Collins","cabinets","E3183C86-BF7D-42EE-9ED3-3CA3A697DF2C","{""before_values"":""{\""uuid\"":\""E3183C86-BF7D-42EE-9ED3-3CA3A697DF2C\"",\""index_key\"":98,\""insert_date\"":\""2025-06-18T15:16:31.963\"",\""update_date\"":\""2025-06-18T15:16:31.963\"",\""update_by\"":\""Paul Collins\"",\""vendor_id\"":\""VT-015\"",\""cabinet_name\"":\""Novus B49\""}"",""after_values"":""{\""uuid\"":\""E3183C86-BF7D-42EE-9ED3-3CA3A697DF2C\"",\""index_key\"":98,\""reference_key\"":\""CAB-00098\"",\""insert_date\"":\""2025-06-18T15:16:31.963\"",\""update_date\"":\""2025-06-18T15:16:31.963\"",\""update_by\"":\""Paul Collins\"",\""change_log\"":\""Created on 2025-06-18 15:16:31\"",\""vendor_id\"":\""VT-015\"",\""cabinet_name\"":\""Novus B49\""}""}"
"6316015C-FD86-443D-852A-EC0881A8A0DF","112","LT-000000112","2025-06-18 15:16:31.990","Paul Collins","cabinets","6934BFE9-5235-416F-B9F5-3E8F138AC742","{""before_values"":""{\""uuid\"":\""6934BFE9-5235-416F-B9F5-3E8F138AC742\"",\""index_key\"":84,\""insert_date\"":\""2025-06-18T15:16:31.963\"",\""update_date\"":\""2025-06-18T15:16:31.963\"",\""update_by\"":\""Paul Collins\"",\""vendor_id\"":\""VT-012\"",\""cabinet_name\"":\""Dimension 27\""}"",""after_values"":""{\""uuid\"":\""6934BFE9-5235-416F-B9F5-3E8F138AC742\"",\""index_key\"":84,\""reference_key\"":\""CAB-00084\"",\""insert_date\"":\""2025-06-18T15:16:31.963\"",\""update_date\"":\""2025-06-18T15:16:31.963\"",\""update_by\"":\""Paul Collins\"",\""change_log\"":\""Created on 2025-06-18 15:16:31\"",\""vendor_id\"":\""VT-012\"",\""cabinet_name\"":\""Dimension 27\""}""}"
"EF4053D1-1EE5-425F-8C70-319ED0E080E9","113","LT-000000113","2025-06-18 15:16:31.990","Paul Collins","cabinets","F4EC055E-021C-4421-AFDE-40CFD579332E","{""before_values"":""{\""uuid\"":\""F4EC055E-021C-4421-AFDE-40CFD579332E\"",\""index_key\"":57,\""insert_date\"":\""2025-06-18T15:16:31.963\"",\""update_date\"":\""2025-06-18T15:16:31.963\"",\""update_by\"":\""Paul Collins\"",\""vendor_id\"":\""VT-005\"",\""cabinet_name\"":\""Muso Triple\""}"",""after_values"":""{\""uuid\"":\""F4EC055E-021C-4421-AFDE-40CFD579332E\"",\""index_key\"":57,\""reference_key\"":\""CAB-00057\"",\""insert_date\"":\""2025-06-18T15:16:31.963\"",\""update_date\"":\""2025-06-18T15:16:31.963\"",\""update_by\"":\""Paul Collins\"",\""change_log\"":\""Created on 2025-06-18 15:16:31\"",\""vendor_id\"":\""VT-005\"",\""cabinet_name\"":\""Muso Triple\""}""}"
"5D6B900D-2767-4F5C-8FD6-EAF458A702BC","114","LT-000000114","2025-06-18 15:16:31.990","Paul Collins","cabinets","63A0427D-3304-4C67-AFA9-4127FFBE2533","{""before_values"":""{\""uuid\"":\""63A0427D-3304-4C67-AFA9-4127FFBE2533\"",\""index_key\"":24,\""insert_date\"":\""2025-06-18T15:16:31.963\"",\""update_date\"":\""2025-06-18T15:16:31.963\"",\""update_by\"":\""Paul Collins\"",\""vendor_id\"":\""VT-002\"",\""cabinet_name\"":\""Universal Slant\""}"",""after_values"":""{\""uuid\"":\""63A0427D-3304-4C67-AFA9-4127FFBE2533\"",\""index_key\"":24,\""reference_key\"":\""CAB-00024\"",\""insert_date\"":\""2025-06-18T15:16:31.963\"",\""update_date\"":\""2025-06-18T15:16:31.963\"",\""update_by\"":\""Paul Collins\"",\""change_log\"":\""Created on 2025-06-18 15:16:31\"",\""vendor_id\"":\""VT-002\"",\""cabinet_name\"":\""Universal Slant\""}""}"