"uuid","index_key","reference_key","insert_date","update_date","update_by","change_log","vendor_id","cabinet_name","version_name"
"7FC959A3-565F-4F67-A373-1A98D86B8CA9","1","CAB-00001","2025-06-18 15:16:31.963","2025-06-19 15:55:45.960","Paul Collins","Updated on 2025-06-19 15:55:45 Log key: (LT-000005544)","VT-001","A560",""
"8E6F7535-5DBF-42FA-BBA6-EB767134FF29","2","CAB-00002","2025-06-18 15:16:31.963","2025-06-18 15:16:31.987","Paul Collins","Updated on 2025-06-18 15:16:31 Log key: (LT-000000197)","VT-001","A560 Noir",""
"55A880B9-CE16-4BD6-9E89-79D7F42DC699","3","CAB-00003","2025-06-18 15:16:31.963","2025-06-18 15:16:31.987","Paul Collins","Updated on 2025-06-18 15:16:31 Log key: (LT-000000138)","VT-001","A560ST",""
"914060D9-7B3D-43A8-9AD6-A5EB5452484F","4","CAB-00004","2025-06-18 15:16:31.963","2025-06-18 15:16:31.987","Paul Collins","Updated on 2025-06-18 15:16:31 Log key: (LT-000000161)","VT-001","A600",""
"7E55A658-312F-49A5-9533-FA0416AEB294","5","CAB-00005","2025-06-18 15:16:31.963","2025-07-15 16:41:33.750","Paul Collins","Updated on 2025-07-15 16:41:33 Log key: (LT-000007269)","VT-001","A600 Slant",""
"7D671C89-2FC1-4C70-87B8-E95234AF3F5D","6","CAB-00006","2025-06-18 15:16:31.963","2025-06-18 15:16:31.987","Paul Collins","Updated on 2025-06-18 15:16:31 Log key: (LT-000000196)","VT-001","A640",""
"D6694977-BE05-4C9C-9C92-87E4049DCBE2","7","CAB-00007","2025-06-18 15:16:31.963","2025-06-18 15:16:31.987","Paul Collins","Updated on 2025-06-18 15:16:31 Log key: (LT-000000146)","VT-001","A-Star Curve",""
"18C87C43-3128-41D8-B977-D6EABB2566FF","8","CAB-00008","2025-06-18 15:16:31.963","2025-06-18 15:16:31.987","Paul Collins","Updated on 2025-06-18 15:16:31 Log key: (LT-000000182)","VT-001","A-Star Dual Screen",""
"6619FBDD-4776-401D-8735-9535F8FC8ABC","9","CAB-00009","2025-06-18 15:16:31.963","2025-06-18 15:16:31.987","Paul Collins","Updated on 2025-06-18 15:16:31 Log key: (LT-000000151)","VT-001","A-Star Slant",""
"B143EAAA-FF4A-42D2-8B4B-B078E66793FF","10","CAB-00010","2025-06-18 15:16:31.963","2025-06-18 15:16:31.987","Paul Collins","Updated on 2025-06-18 15:16:31 Log key: (LT-000000165)","VT-002","Crystal Curve",""
"730B885A-3249-4D7B-A943-E810D4B3C38D","11","CAB-00011","2025-06-18 15:16:31.963","2025-06-18 15:16:31.987","Paul Collins","Updated on 2025-06-18 15:16:31 Log key: (LT-000000195)","VT-002","Crystal Dual 23",""
"202AF3D1-A6A1-43D4-B2FB-F95E17E4C17C","12","CAB-00012","2025-06-18 15:16:31.963","2025-06-18 15:16:31.987","Paul Collins","Updated on 2025-06-18 15:16:31 Log key: (LT-000000206)","VT-002","Crystal Dual 27",""
"F2A9F883-9EAE-44F4-9737-B0CE26A488E1","13","CAB-00013","2025-06-18 15:16:31.963","2025-06-18 15:16:31.987","Paul Collins","Updated on 2025-06-18 15:16:31 Log key: (LT-000000166)","VT-002","Crystal Slant",""
"E87EAA26-FF55-4EAF-AB17-4757E0A083C5","14","CAB-00014","2025-06-18 15:16:31.963","2025-06-18 15:16:31.987","Paul Collins","Updated on 2025-06-18 15:16:31 Log key: (LT-000000118)","VT-002","G20",""
"924CD7A5-98A7-49F7-B7A0-C2F0F881CE21","15","CAB-00015","2025-06-18 15:16:31.963","2025-06-18 15:16:31.987","Paul Collins","Updated on 2025-06-18 15:16:31 Log key: (LT-000000174)","VT-002","G20 MLD",""
"4D8E9CE8-4975-4CE8-AFD7-38EEEBE8509F","16","CAB-00016","2025-06-18 15:16:31.963","2025-06-18 15:16:31.987","Paul Collins","Updated on 2025-06-18 15:16:31 Log key: (LT-000000110)","VT-002","G23",""
"DF948483-46E2-4DCD-87F5-6CD5C97757E8","17","CAB-00017","2025-06-18 15:16:31.963","2025-06-18 15:16:31.987","Paul Collins","Updated on 2025-06-18 15:16:31 Log key: (LT-000000130)","VT-002","G23 MLD",""
"CC379EFC-86A0-481E-A209-A372529D11F8","18","CAB-00018","2025-06-18 15:16:31.963","2025-06-18 15:16:31.987","Paul Collins","Updated on 2025-06-18 15:16:31 Log key: (LT-000000160)","VT-002","G23 V2",""
"12AEB2B2-7447-4CAE-9CB3-69835B6C4B2A","19","CAB-00019","2025-06-18 15:16:31.963","2025-06-18 15:16:31.987","Paul Collins","Updated on 2025-06-18 15:16:31 Log key: (LT-000000128)","VT-002","G23 V2 MLD",""
"71BF6EF1-93B9-4367-A6AA-F76F085048A4","20","CAB-00020","2025-06-18 15:16:31.963","2025-06-18 15:16:31.987","Paul Collins","Updated on 2025-06-18 15:16:31 Log key: (LT-000000204)","VT-002","Game King 19",""
"DD902347-A4D4-454F-B838-0F7085ACCD0F","21","CAB-00021","2025-06-18 15:16:31.963","2025-06-18 15:16:31.987","Paul Collins","Updated on 2025-06-18 15:16:31 Log key: (LT-000000092)","VT-002","S2000",""
"AEE0448C-EFA9-4639-85C4-63937589EEB7","22","CAB-00022","2025-06-18 15:16:31.963","2025-06-18 15:16:31.987","Paul Collins","Updated on 2025-06-18 15:16:31 Log key: (LT-000000126)","VT-002","S3000",""
"9DC65858-C03D-4798-A8F1-024058384FE3","23","CAB-00023","2025-06-18 15:16:31.963","2025-06-18 15:16:31.987","Paul Collins","Updated on 2025-06-18 15:16:31 Log key: (LT-000000088)","VT-002","Trimline",""
"63A0427D-3304-4C67-AFA9-4127FFBE2533","24","CAB-00024","2025-06-18 15:16:31.963","2025-06-18 15:16:31.987","Paul Collins","Updated on 2025-06-18 15:16:31 Log key: (LT-000000114)","VT-002","Universal Slant",""
"6BB2EC43-1553-46DC-AF16-42D4FD3A54C0","25","CAB-00025","2025-06-18 15:16:31.963","2025-06-18 15:16:31.987","Paul Collins","Updated on 2025-06-18 15:16:31 Log key: (LT-000000115)","VT-003","Big Red",""
"B7E45D14-B87A-4AE2-9FEC-9E2ECDE06701","26","CAB-00026","2025-06-18 15:16:31.963","2025-06-18 15:16:31.987","Paul Collins","Updated on 2025-06-18 15:16:31 Log key: (LT-000000159)","VT-003","DV-1 Halo",""
"A69AA12B-BA6C-47D9-88F7-22681D25C6FB","27","CAB-00027","2025-06-18 15:16:31.963","2025-06-18 15:16:31.987","Paul Collins","Updated on 2025-06-18 15:16:31 Log key: (LT-000000100)","VT-003","Icon",""
"4A725B14-87CD-45F5-92CE-26C95F8D249D","28","CAB-00028","2025-06-18 15:16:31.963","2025-06-18 15:16:31.987","Paul Collins","Updated on 2025-06-18 15:16:31 Log key: (LT-000000103)","VT-003","Orion Curve",""
"7A9040E2-EB6F-4845-ABCC-1401F2DB2A50","29","CAB-00029","2025-06-18 15:16:31.963","2025-06-18 15:16:31.987","Paul Collins","Updated on 2025-06-18 15:16:31 Log key: (LT-000000094)","VT-003","Orion Portrait",""
"8854412A-E568-4CCB-AB83-EF83C5AA9C3C","30","CAB-00030","2025-06-18 15:16:31.963","2025-06-18 15:16:31.987","Paul Collins","Updated on 2025-06-18 15:16:31 Log key: (LT-000000200)","VT-003","Orion Slant",""
"D795520E-C87A-4EF1-8864-2FA39FF2E624","31","CAB-00031","2025-06-18 15:16:31.963","2025-06-18 15:16:31.987","Paul Collins","Updated on 2025-06-18 15:16:31 Log key: (LT-000000107)","VT-003","Revel",""
"03A5A684-2F3D-4C9B-B41E-0DE9088D8409","32","CAB-00032","2025-06-18 15:16:31.963","2025-06-18 15:16:31.987","Paul Collins","Updated on 2025-06-18 15:16:31 Log key: (LT-000000090)","VT-003","Spectra 43",""
"9F6AECEB-DD09-4DC0-80BE-DCEBE339E0F8","33","CAB-00033","2025-06-18 15:16:31.963","2025-09-24 15:42:16.520","Paul Collins","Updated on 2025-09-24 15:42:16 Log key: (LT-000091798)","VT-003","Spectra 49",""
"5D6DC18A-68CD-4603-9D9D-C39F5CA71D77","34","CAB-00034","2025-06-18 15:16:31.963","2025-07-28 10:29:50.920","Paul Collins","Updated on 2025-07-28 10:29:50 Log key: (LT-000061474)","VT-003","Spectra SL49+",""
"22ECDCE2-55DB-4391-9B4D-81F772F2E68E","35","CAB-00035","2025-06-18 15:16:31.963","2025-06-18 15:16:31.987","Paul Collins","Updated on 2025-06-18 15:16:31 Log key: (LT-000000142)","VT-003","Stratos",""
"3B447B68-5957-4316-B019-DBFD1DFC2DEA","36","CAB-00036","2025-06-18 15:16:31.963","2025-06-18 15:16:31.987","Paul Collins","Updated on 2025-06-18 15:16:31 Log key: (LT-000000188)","VT-004","Breeze",""
"BDC8B8EA-965E-4F3A-9D2D-8B4EDD9825E2","37","CAB-00037","2025-06-18 15:16:31.963","2025-06-18 15:16:31.987","Paul Collins","Updated on 2025-06-18 15:16:31 Log key: (LT-000000148)","VT-004","Infinity V55",""
"2F349143-030B-4AB7-855B-771CFDB17ACB","38","CAB-00038","2025-06-18 15:16:31.963","2025-06-18 15:16:31.987","Paul Collins","Updated on 2025-06-18 15:16:31 Log key: (LT-000000136)","VT-004","Prism Element",""
"AD5E3340-6917-44A7-AD5A-44DFB52838FE","39","CAB-00039","2025-06-18 15:16:31.963","2025-06-18 15:16:31.987","Paul Collins","Updated on 2025-06-18 15:16:31 Log key: (LT-000000117)","VT-004","Prism VXP",""
"EFF89BD8-8028-4C0C-AFED-29BC5C705648","40","CAB-00040","2025-06-18 15:16:31.963","2025-06-18 15:16:31.987","Paul Collins","Updated on 2025-06-18 15:16:31 Log key: (LT-000000104)","VT-005","Craps Station",""
"783AEFF3-176E-4A87-9189-EE903B181956","41","CAB-00041","2025-06-18 15:16:31.963","2025-06-18 15:16:31.987","Paul Collins","Updated on 2025-06-18 15:16:31 Log key: (LT-000000198)","VT-005","Cube-X Innovator",""
"E78857A6-78B0-44E5-B13D-0BD3BE32DFBA","42","CAB-00042","2025-06-18 15:16:31.963","2025-06-18 15:16:31.987","Paul Collins","Updated on 2025-06-18 15:16:31 Log key: (LT-000000089)","VT-005","Cube-X Innovator Deluxe",""
"8A680991-D573-42D3-91C2-602446EA0F83","43","CAB-00043","2025-06-18 15:16:31.963","2025-06-18 15:16:31.987","Paul Collins","Updated on 2025-06-18 15:16:31 Log key: (LT-000000125)","VT-005","Cube-X Ultimate",""
"2AD9660E-2919-48C8-865E-DBC591DE9BCA","44","CAB-00044","2025-06-18 15:16:31.963","2025-06-18 15:16:31.987","Paul Collins","Updated on 2025-06-18 15:16:31 Log key: (LT-000000186)","VT-005","Cube-X Ultimate Stepper",""
"36070FA9-8185-4C48-91AC-9AB3C5A16E7E","45","CAB-00045","2025-06-18 15:16:31.963","2025-06-18 15:16:31.987","Paul Collins","Updated on 2025-06-18 15:16:31 Log key: (LT-000000156)","VT-005","Cube-X Vertical",""
"AAE0275F-9E06-4956-9C24-B9CDC2C734F3","46","CAB-00046","2025-06-18 15:16:31.963","2025-06-18 15:16:31.987","Paul Collins","Updated on 2025-06-18 15:16:31 Log key: (LT-000000171)","VT-005","Cube-X Vertical 80",""
"4351A011-EAB6-4EB9-8B73-BB73BB36BE67","47","CAB-00047","2025-06-18 15:16:31.963","2025-06-18 15:16:31.987","Paul Collins","Updated on 2025-06-18 15:16:31 Log key: (LT-000000173)","VT-005","Cube-X Video",""
"7A88F441-78A9-414A-8B6B-6B63FB3BDF68","48","CAB-00048","2025-06-18 15:16:31.963","2025-06-18 15:16:31.987","Paul Collins","Updated on 2025-06-18 15:16:31 Log key: (LT-000000129)","VT-005","Gen-X",""
"E069B4B1-A263-482A-9426-003FC0A3C7AF","49","CAB-00049","2025-06-18 15:16:31.963","2025-06-18 15:16:31.987","Paul Collins","Updated on 2025-06-18 15:16:31 Log key: (LT-000000087)","VT-005","Gen-X Innovator",""
"4E5AC6CB-BCF6-40CB-BCF2-CF3431748E0F","50","CAB-00050","2025-06-18 15:16:31.963","2025-06-18 15:16:31.987","Paul Collins","Updated on 2025-06-18 15:16:31 Log key: (LT-000000179)","VT-005","Gen-X Innovator Deluxe",""
"E6604F5D-5CD2-4747-8795-D32C9BDB49CF","51","CAB-00051","2025-06-18 15:16:31.963","2025-06-18 15:16:31.987","Paul Collins","Updated on 2025-06-18 15:16:31 Log key: (LT-000000181)","VT-005","Go-Go Claw",""
"33422204-4401-470B-8D2C-D8050677AD3F","52","CAB-00052","2025-06-18 15:16:31.963","2025-07-16 11:27:29.003","Paul Collins","Updated on 2025-07-16 11:27:29 Log key: (LT-000007383)","VT-005","Hyperspeed: APX",""
"BFC9D2F1-063F-4E35-84D5-42FD48BFB60C","53","CAB-00053","2025-06-18 15:16:31.963","2025-06-18 15:16:31.987","Paul Collins","Updated on 2025-06-18 15:16:31 Log key: (LT-000000116)","VT-005","Muso Curve-43",""
"AF9150ED-DFA9-403C-8E3C-6F87A78B6F95","54","CAB-00054","2025-06-18 15:16:31.963","2025-06-18 15:16:31.987","Paul Collins","Updated on 2025-06-18 15:16:31 Log key: (LT-000000132)","VT-005","Muso Curve-43 Hybrid",""
"43B93B71-19AC-48E3-8B0C-B319EA605E03","55","CAB-00055","2025-06-18 15:16:31.963","2025-06-18 15:16:31.987","Paul Collins","Updated on 2025-06-18 15:16:31 Log key: (LT-000000168)","VT-005","Muso Curve-55",""
"72EE0BEB-4F00-4EE4-A0E0-2F0A27991F57","56","CAB-00056","2025-06-18 15:16:31.963","2025-06-18 15:16:31.987","Paul Collins","Updated on 2025-06-18 15:16:31 Log key: (LT-000000106)","VT-005","Muso Limited",""
"F4EC055E-021C-4421-AFDE-40CFD579332E","57","CAB-00057","2025-06-18 15:16:31.963","2025-06-23 09:06:43.860","Paul Collins","Updated on 2025-06-23 09:06:43 Log key: (LT-000005972)","VT-005","Muso Triple-27",""
"2BEF5E44-10EB-4C1A-A80D-82DDF30D1305","58","CAB-00058","2025-06-18 15:16:31.963","2025-07-17 16:23:20.037","Paul Collins","Updated on 2025-07-17 16:23:20 Log key: (LT-000007386)","VT-005","Muso Triple-32: SPX",""
"C1E372B9-1379-4CB8-8546-C900339409EA","59","CAB-00059","2025-06-18 15:16:31.963","2025-07-17 16:21:06.247","Paul Collins","Updated on 2025-07-17 16:21:06 Log key: (LT-000007385)","VT-005","Speed: APX",""
"7A783CF1-E83B-4B89-A29F-1FC37FC53541","60","CAB-00060","2025-06-18 15:16:31.963","2025-06-18 15:16:31.987","Paul Collins","Updated on 2025-06-18 15:16:31 Log key: (LT-000000098)","VT-006","G 50 J2 ST",""
"C2B9B33B-A3C3-4038-8E51-AC1B8BF6AC97","61","CAB-00061","2025-06-18 15:16:31.963","2025-06-18 15:16:31.987","Paul Collins","Updated on 2025-06-18 15:16:31 Log key: (LT-000000164)","VT-007","Alpha Wave",""
"E2D808DD-C536-4841-A280-A9A69B3E9D84","63","CAB-00063","2025-06-18 15:16:31.963","2025-06-18 15:16:31.987","Paul Collins","Updated on 2025-06-18 15:16:31 Log key: (LT-000000163)","VT-007","S9000",""
"88C96ABD-5364-4ECC-8069-2FD2B87E10D9","64","CAB-00064","2025-06-18 15:16:31.963","2025-06-18 15:16:31.987","Paul Collins","Updated on 2025-06-18 15:16:31 Log key: (LT-000000108)","VT-007","Twinstar",""
"27F48C75-F4DF-4C92-B478-1FD78F238E7A","65","CAB-00065","2025-06-18 15:16:31.963","2025-06-18 15:16:31.987","Paul Collins","Updated on 2025-06-18 15:16:31 Log key: (LT-000000099)","VT-007","Twinstar J43",""
"C06D6E15-4C3E-42A6-9252-FE07D01EBEA3","66","CAB-00066","2025-06-18 15:16:31.963","2025-06-18 15:16:31.987","Paul Collins","Updated on 2025-06-18 15:16:31 Log key: (LT-000000209)","VT-007","Twinstar Stepper",""
"5CF9C4D9-8B72-4BA1-94A5-575519252A3F","67","CAB-00067","2025-06-18 15:16:31.963","2025-06-18 15:16:31.987","Paul Collins","Updated on 2025-06-18 15:16:31 Log key: (LT-000000121)","VT-007","V22/22",""
"3512D8EE-25A4-413F-B2BA-5769FBB66090","68","CAB-00068","2025-06-18 15:16:31.963","2025-06-18 15:16:31.987","Paul Collins","Updated on 2025-06-18 15:16:31 Log key: (LT-000000122)","VT-007","V32",""
"75AEF1A5-3533-4E19-AC2B-111042C9874F","69","CAB-00069","2025-06-18 15:16:31.963","2025-06-18 15:16:31.987","Paul Collins","Updated on 2025-06-18 15:16:31 Log key: (LT-000000093)","VT-007","V32 Alpha Pro",""
"42E9D3E4-8F0A-4C9F-A5C0-DFE132164FB6","70","CAB-00070","2025-06-18 15:16:31.963","2025-06-18 15:16:31.987","Paul Collins","Updated on 2025-06-18 15:16:31 Log key: (LT-000000192)","VT-008","Modulo 3232",""
"C0130D48-D15A-4802-AC4A-F1C66605590B","71","CAB-00071","2025-06-18 15:16:31.963","2025-06-18 15:16:31.987","Paul Collins","Updated on 2025-06-18 15:16:31 Log key: (LT-000000202)","VT-009","BB1",""
"08070172-4076-4BF9-9B5A-C40BE58667DD","72","CAB-00072","2025-06-18 15:16:31.963","2025-06-18 15:16:31.987","Paul Collins","Updated on 2025-06-18 15:16:31 Log key: (LT-000000176)","VT-009","BB2",""
"8616AF68-779D-4717-A049-167906A8AC7B","73","CAB-00073","2025-06-18 15:16:31.963","2025-06-18 15:16:31.987","Paul Collins","Updated on 2025-06-18 15:16:31 Log key: (LT-000000095)","VT-009","BBXD",""
"4CB13214-97D6-4BE1-8D52-9A6F8DECF532","74","CAB-00074","2025-06-18 15:16:31.963","2025-07-15 10:35:41.463","Paul Collins","Updated on 2025-07-15 10:35:41 Log key: (LT-000007170)","VT-009","BB3 Blade",""
"43D61387-BFD0-4E8F-B093-4A3DAA36A670","75","CAB-00075","2025-06-18 15:16:31.963","2025-06-18 15:16:31.987","Paul Collins","Updated on 2025-06-18 15:16:31 Log key: (LT-000000119)","VT-009","Blade S32",""
"329B2BAC-7A48-4C65-9FEE-55D1C49821B0","76","CAB-00076","2025-06-18 15:16:31.963","2025-06-18 15:16:31.987","Paul Collins","Updated on 2025-06-18 15:16:31 Log key: (LT-000000120)","VT-009","S9000",""
"B63BBC57-139B-4DE8-A044-E150E7940DCB","77","CAB-00077","2025-06-18 15:16:31.963","2025-06-18 15:16:31.987","Paul Collins","Updated on 2025-06-18 15:16:31 Log key: (LT-000000193)","VT-010","Atlas 100",""
"89E2CC08-4F23-45EA-970C-19A769F67F0B","78","CAB-00078","2025-06-18 15:16:31.963","2025-06-18 15:16:31.987","Paul Collins","Updated on 2025-06-18 15:16:31 Log key: (LT-000000096)","VT-011","Allure Glare",""
"CC80E863-31A8-48BA-B5E3-B158B78D3428","79","CAB-00079","2025-06-18 15:16:31.963","2025-06-18 15:16:31.987","Paul Collins","Updated on 2025-06-18 15:16:31 Log key: (LT-000000167)","VT-011","Illusion Glare",""
"C2E3BD6A-5217-472F-BAD0-7815A3F9EA50","80","CAB-00080","2025-06-18 15:16:31.963","2025-06-18 15:16:31.987","Paul Collins","Updated on 2025-06-18 15:16:31 Log key: (LT-000000137)","VT-012","Concerto",""
"470C86CD-194D-4480-A261-82D44CF9A09C","81","CAB-00081","2025-06-18 15:16:31.963","2025-06-18 15:16:31.987","Paul Collins","Updated on 2025-06-18 15:16:31 Log key: (LT-000000143)","VT-012","Concerto Crescent",""
"C9B07039-962D-44BC-9F6F-22F7B1625588","82","CAB-00082","2025-06-18 15:16:31.963","2025-06-18 15:16:31.987","Paul Collins","Updated on 2025-06-18 15:16:31 Log key: (LT-000000101)","VT-012","Concerto Opus",""
"1A619778-556E-496D-BB61-B64B57A9E8F1","83","CAB-00083","2025-06-18 15:16:31.963","2025-06-18 15:16:31.987","Paul Collins","Updated on 2025-06-18 15:16:31 Log key: (LT-000000170)","VT-012","Concerto Stack",""
"6934BFE9-5235-416F-B9F5-3E8F138AC742","84","CAB-00084","2025-06-18 15:16:31.963","2025-06-18 15:16:31.987","Paul Collins","Updated on 2025-06-18 15:16:31 Log key: (LT-000000112)","VT-012","Dimension 27",""
"C686452C-6378-48CF-AB13-9592F14557C0","85","CAB-00085","2025-06-18 15:16:31.963","2025-06-18 15:16:31.987","Paul Collins","Updated on 2025-06-18 15:16:31 Log key: (LT-000000152)","VT-012","Dimension 49",""
"663000CF-2526-4E98-B6E7-DBD1790C17CA","86","CAB-00086","2025-06-18 15:16:31.963","2025-06-18 15:16:31.987","Paul Collins","Updated on 2025-06-18 15:16:31 Log key: (LT-000000187)","VT-012","Dimension 49J",""
"840EC9FA-99AD-444A-AF8D-BAB4C9D8B15B","87","CAB-00087","2025-06-18 15:16:31.963","2025-06-18 15:16:31.987","Paul Collins","Updated on 2025-06-18 15:16:31 Log key: (LT-000000172)","VT-012","Goliath",""
"BF42B6D8-7810-4160-86F1-EF3427CC9116","88","CAB-00088","2025-06-18 15:16:31.963","2025-06-18 15:16:31.987","Paul Collins","Updated on 2025-06-18 15:16:31 Log key: (LT-000000199)","VT-012","K2V Slant",""
"70E5B764-94F5-4CE2-A0FD-E291EDE33450","89","CAB-00089","2025-06-18 15:16:31.963","2025-06-18 15:16:31.987","Paul Collins","Updated on 2025-06-18 15:16:31 Log key: (LT-000000194)","VT-012","KX 43",""
"90A63440-06E8-48A9-9D26-85D76F8D1B4F","90","CAB-00090","2025-06-18 15:16:31.963","2025-06-18 15:16:31.987","Paul Collins","Updated on 2025-06-18 15:16:31 Log key: (LT-000000145)","VT-012","Opus",""
"1F9A2B40-8CC5-4695-9276-5D49DFC77789","91","CAB-00091","2025-06-18 15:16:31.963","2025-06-18 15:16:31.987","Paul Collins","Updated on 2025-06-18 15:16:31 Log key: (LT-000000123)","VT-012","Podium",""
"6832AED9-EB5A-4809-80B0-CC5C0D8B7936","92","CAB-00092","2025-06-18 15:16:31.963","2025-06-18 15:16:31.987","Paul Collins","Updated on 2025-06-18 15:16:31 Log key: (LT-000000178)","VT-012","Podium K2V",""
"6D70AD08-D81B-4358-AB87-7DE9630FD776","93","CAB-00093","2025-06-18 15:16:31.963","2025-06-18 15:16:31.987","Paul Collins","Updated on 2025-06-18 15:16:31 Log key: (LT-000000139)","VT-013","Mach II",""
"FAA36877-7E6B-4E17-BC8E-0E68E944CFFA","94","CAB-00094","2025-06-18 15:16:31.963","2025-06-18 15:16:31.987","Paul Collins","Updated on 2025-06-18 15:16:31 Log key: (LT-000000091)","VT-014","Arcadia GTU",""
"44AA48CA-26DB-4767-B211-F5412CB36559","95","CAB-00095","2025-06-18 15:16:31.963","2025-06-18 15:16:31.987","Paul Collins","Updated on 2025-06-18 15:16:31 Log key: (LT-000000203)","VT-015","b.Pod",""
"65C38CC4-2B0F-43E2-B6BC-750C176E2A34","96","CAB-00096","2025-06-18 15:16:31.963","2025-07-14 16:54:19.173","Paul Collins","Updated on 2025-07-14 16:54:19 Log key: (LT-000007109)","VT-015","b.Pod","Nitro"
"0B17E794-2D55-4CE0-B152-601F8DAAD05D","97","CAB-00097","2025-06-18 15:16:31.963","2025-06-18 15:16:31.987","Paul Collins","Updated on 2025-06-18 15:16:31 Log key: (LT-000000124)","VT-015","Big Mech",""
"E3183C86-BF7D-42EE-9ED3-3CA3A697DF2C","98","CAB-00098","2025-06-18 15:16:31.963","2025-06-18 15:16:31.987","Paul Collins","Updated on 2025-06-18 15:16:31 Log key: (LT-000000111)","VT-015","Novus B49",""
"7C1821C0-3B38-4136-AB74-DB0AF97A3049","99","CAB-00099","2025-06-18 15:16:31.963","2025-06-18 15:16:31.987","Paul Collins","Updated on 2025-06-18 15:16:31 Log key: (LT-000000185)","VT-016","ARC",""
"A0F99E61-B7EA-4E01-A2E0-80674EA9105D","100","CAB-00100","2025-06-18 15:16:31.963","2025-06-18 15:16:31.987","Paul Collins","Updated on 2025-06-18 15:16:31 Log key: (LT-000000141)","VT-016","Helix Upright",""
"D8A80428-016F-4DD3-8946-917E7E7E2513","101","CAB-00101","2025-06-18 15:16:31.963","2025-06-18 15:16:31.987","Paul Collins","Updated on 2025-06-18 15:16:31 Log key: (LT-000000149)","VT-016","Helix XT",""